time, fxLeft, fyLeft, fzLeft, fxRight, fyRight, fzRight
0.001, 91.0884, -15.6928, 258.292, -91.0884, 29.102, 576.214
0.002, 103.835, -21.8347, 299.168, -98.8883, 22.4208, 607.752
0.003, 0.999996, 6.93202e-310, 0.989683, -142.094, 48.2599, 890.617
0.004, 0.999994, 6.93202e-310, 0.989695, -139.815, 49.2875, 891.685
0.005, 0.999992, 6.93202e-310, 0.989709, -140.942, 50.3411, 894.465
0.006, 0.999989, 6.93202e-310, 0.989722, -140.346, 48.8324, 894.707
0.007, 0.999986, 6.93202e-310, 0.989737, -139.744, 50.7243, 896.658
0.008, 0.999983, 6.93202e-310, 0.989753, -139.116, 50.0699, 898.62
0.009, 0.999979, 6.93202e-310, 0.989769, -139.32, 50.2548, 899.738
0.01, 0.999975, 6.93202e-310, 0.989786, -137.794, 50.4267, 900.867
0.011, 0.99997, 6.93202e-310, 0.989804, -137.953, 49.7561, 902.858
0.012, 0.999965, 6.93202e-310, 0.989822, -137.221, 51.6196, 903.152
0.013, 0.99996, 6.93202e-310, 0.989842, -136.469, 50.9279, 905.157
0.014, 0.999955, 6.93202e-310, 0.989861, -135.673, 50.2251, 905.471
0.015, 0.999949, 6.93202e-310, 0.989882, -135.697, 51.2164, 907.492
0.016, 0.999943, 6.93202e-310, 0.989903, -134.83, 51.3481, 908.671
0.017, 0.999937, 6.93202e-310, 0.989925, -133.92, 50.623, 908.156
0.018, 0.99993, 6.93202e-310, 0.989948, -133.824, 51.5946, 910.202
0.019, 0.999923, 6.93202e-310, 0.989971, -132.823, 51.7059, 910.554
0.02, 0.999916, 6.93202e-310, 0.989994, -131.78, 50.969, 911.762
0.021, 0.999908, 6.93202e-310, 0.990018, -131.535, 51.0627, 911.278
0.022, 0.9999, 6.93202e-310, 0.990043, -130.386, 52.0147, 913.353
0.023, 0.999892, 6.93202e-310, 0.990069, -129.181, 51.2537, 912.879
0.024, 0.999884, 6.93202e-310, 0.990094, -130.473, 51.3432, 913.267
0.025, 0.999876, 6.93202e-310, 0.990121, -127.454, 51.4168, 914.509
0.026, 0.999867, 6.93202e-310, 0.990147, -127.775, 51.4948, 914.055
0.027, 0.999858, 6.93202e-310, 0.990175, -126.336, 51.5683, 913.608
0.028, 0.999849, 6.93202e-310, 0.990202, -126.526, 50.7782, 915.715
0.029, 0.99984, 6.93202e-310, 0.990231, -124.962, 52.5401, 914.424
0.03, 0.999831, 6.93202e-310, 0.990259, -124.172, 50.8918, 913.985
0.031, 0.999821, 6.93202e-310, 0.990288, -124.169, 50.9408, 915.25
0.032, 0.999812, 6.93202e-310, 0.990317, -121.545, 51.8324, 913.967
0.033, 0.999802, 6.93202e-310, 0.990347, -122.253, 51.025, 914.382
0.034, 0.999792, 6.93202e-310, 0.990377, -121.189, 51.0536, 913.095
0.035, 0.999782, 6.93202e-310, 0.990407, -120.051, 51.9338, 913.51
0.036, 0.999772, 6.93202e-310, 0.990438, -118.85, 50.2545, 913.072
0.037, 0.999762, 6.93202e-310, 0.990469, -118.412, 51.1272, 911.776
0.038, 0.999752, 6.93202e-310, 0.9905, -117.919, 51.996, 911.329
0.039, 0.999742, 6.93202e-310, 0.990532, -115.637, 49.4545, 910.874
0.04, 0.999732, 6.93202e-310, 0.990564, -116.691, 52.0188, 910.412
0.041, 0.999722, 6.93202e-310, 0.990596, -114.267, 49.4768, 909.094
0.042, 0.999712, 6.93202e-310, 0.990628, -113.475, 52.0336, 907.764
0.043, 0.999702, 6.93202e-310, 0.99066, -113.454, 49.4871, 906.426
0.044, 0.999691, 6.93202e-310, 0.990693, -111.659, 51.1951, 905.93
0.045, 0.999681, 6.93202e-310, 0.990725, -111.495, 49.4991, 905.418
0.046, 0.999671, 6.93202e-310, 0.990758, -110.402, 51.2097, 902.348
0.047, 0.999661, 6.93202e-310, 0.990792, -108.382, 50.3591, 901.814
0.048, 0.999651, 6.93202e-310, 0.990825, -109.705, 49.52, 901.267
0.049, 0.999642, 6.93202e-310, 0.990858, -106.685, 50.3811, 898.159
0.05, 0.999632, 6.93202e-310, 0.990892, -107.004, 49.5446, 896.735
0.051, 0.999622, 6.93202e-310, 0.990925, -104.698, 49.5637, 896.148
0.052, 0.999613, 6.93202e-310, 0.990959, -105.719, 50.4321, 893.848
0.053, 0.999603, 6.93202e-310, 0.990993, -103.27, 49.6069, 891.532
0.054, 0.999594, 6.93202e-310, 0.991026, -102.448, 49.6418, 890.052
0.055, 0.999585, 6.93202e-310, 0.99106, -102.409, 48.8281, 887.708
0.056, 0.999576, 6.93202e-310, 0.991094, -101.449, 49.7239, 886.199
0.057, 0.999567, 6.93202e-310, 0.991128, -98.7184, 49.7798, 882.971
0.058, 0.999559, 6.93202e-310, 0.991162, -100.177, 48.987, 882.283
0.059, 0.99955, 6.93202e-310, 0.991196, -98.1617, 49.064, 879.025
0.06, 0.999542, 6.93202e-310, 0.991231, -96.9387, 48.296, 877.456
0.061, 0.999534, 6.93202e-310, 0.991265, -96.4949, 50.0891, 874.163
0.062, 0.999526, 6.93202e-310, 0.991299, -95.1466, 47.6467, 871.71
0.063, 0.999518, 6.93202e-310, 0.991333, -94.583, 49.4683, 870.089
0.064, 0.99951, 6.93202e-310, 0.991367, -93.1084, 48.7487, 866.748
0.065, 0.999503, 6.93202e-310, 0.991401, -93.2785, 48.9005, 864.241
0.066, 0.999496, 6.93202e-310, 0.991435, -91.6916, 48.2115, 861.715
0.067, 0.999489, 6.93202e-310, 0.99147, -90.0532, 48.3865, 859.169
0.068, 0.999483, 6.93202e-310, 0.991504, -90.058, 48.5838, 855.757
0.069, 0.999476, 6.93202e-310, 0.991538, -89.1662, 47.9417, 853.172
0.07, 0.99947, 6.93202e-310, 0.991572, -88.2175, 49.0216, 851.419
0.071, 0.999464, 6.93202e-310, 0.991606, -86.3847, 47.5646, 847.095
0.072, 0.999458, 6.93202e-310, 0.99164, -87.0436, 48.6782, 844.449
0.073, 0.999453, 6.93202e-310, 0.991674, -85.1162, 48.1069, 841.784
0.074, 0.999447, 6.93202e-310, 0.991708, -83.9973, 47.5574, 838.248
0.075, 0.999442, 6.93202e-310, 0.991742, -82.8386, 48.7252, 835.541
0.076, 0.999437, 6.93202e-310, 0.991776, -83.3397, 47.3588, 832.813
0.077, 0.999433, 6.93202e-310, 0.99181, -82.1139, 48.5738, 829.215
0.078, 0.999428, 6.93202e-310, 0.991844, -79.9916, 47.2476, 826.446
0.079, 0.999424, 6.93202e-310, 0.991877, -79.5524, 48.5006, 822.81
0.08, 0.99942, 6.93202e-310, 0.991911, -79.9235, 47.22, 820.004
0.081, 0.999416, 6.93202e-310, 0.991945, -77.7212, 48.5184, 815.478
0.082, 0.999413, 6.93202e-310, 0.991979, -77.1948, 46.4315, 814.336
0.083, 0.999409, 6.93202e-310, 0.992012, -75.7905, 48.6236, 809.776
0.084, 0.999406, 6.93202e-310, 0.992046, -76.0759, 47.4458, 806.901
0.085, 0.999403, 6.93202e-310, 0.99208, -74.6279, 47.9795, 804.01
0.086, 0.999401, 6.93202e-310, 0.992114, -73.1712, 46.8477, 799.402
0.087, 0.999398, 6.93202e-310, 0.992147, -73.4001, 47.4412, 797.335
0.088, 0.999396, 6.93202e-310, 0.992181, -71.909, 47.2133, 793.552
0.089, 0.999394, 6.93202e-310, 0.992215, -70.4146, 47.8595, 789.755
0.09, 0.999392, 6.93202e-310, 0.992248, -70.6055, 47.6848, 786.803
0.091, 0.99939, 6.93202e-310, 0.992282, -69.9445, 46.6884, 784.684
0.092, 0.999388, 6.93202e-310, 0.992316, -68.428, 46.5675, 779.158
0.093, 0.999387, 6.93202e-310, 0.992349, -66.9076, 47.3299, 777.021
0.094, 0.999386, 6.93202e-310, 0.992383, -67.9414, 47.2698, 774.026
0.095, 0.999385, 6.93202e-310, 0.992417, -65.577, 47.2365, 769.321
0.096, 0.999384, 6.93202e-310, 0.992451, -64.9196, 46.3788, 768.011
0.097, 0.999383, 6.93202e-310, 0.992484, -64.2751, 46.3987, 762.435
0.098, 0.999382, 6.93202e-310, 0.992518, -63.638, 47.2932, 761.108
0.099, 0.999382, 6.93202e-310, 0.992552, -63.0224, 45.671, 756.369
0.1, 0.999381, 6.93202e-310, 0.992586, -61.5661, 46.6157, 754.173
0.101, 0.999381, 6.93202e-310, 0.99262, -60.9895, 46.7365, 750.27
0.102, 0.99938, 6.93202e-310, 0.992654, -60.4308, 45.1827, 746.358
0.103, 0.99938, 6.93202e-310, 0.992688, -59.0446, 46.201, 744.991
0.104, 0.99938, 6.93202e-310, 0.992723, -59.3922, 46.3965, 740.216
0.105, 0.99938, 6.93202e-310, 0.992757, -57.2117, 44.9055, 737.139
0.106, 0.99938, 6.93202e-310, 0.992791, -56.7656, 45.9945, 734.906
0.107, 0.999381, 6.93202e-310, 0.992826, -56.3526, 45.4031, 730.968
0.108, 0.999381, 6.93202e-310, 0.99286, -55.1156, 44.8302, 727.881
0.109, 0.999381, 6.93202e-310, 0.992895, -54.774, 45.1322, 725.639
0.11, 0.999382, 6.93202e-310, 0.99293, -54.4577, 44.6011, 720.85
0.111, 0.999382, 6.93202e-310, 0.992965, -52.4802, 44.9427, 719.46
0.112, 0.999382, 6.93202e-310, 0.993, -52.2463, 43.6031, 716.375
0.113, 0.999383, 6.93202e-310, 0.993035, -51.1949, 44.8353, 712.44
0.114, 0.999383, 6.93202e-310, 0.99307, -51.04, 43.5295, 709.362
0.115, 0.999384, 6.93202e-310, 0.993105, -50.0694, 43.9503, 707.989
0.116, 0.999385, 6.93202e-310, 0.993141, -49.1461, 43.5318, 703.221
0.117, 0.999385, 6.93202e-310, 0.993177, -48.2698, 43.1291, 702.713
0.118, 0.999386, 6.93202e-310, 0.993212, -47.4284, 42.7456, 697.11
0.119, 0.999386, 6.93202e-310, 0.993248, -47.4928, 43.2202, 696.621
0.12, 0.999387, 6.93202e-310, 0.993285, -45.9022, 42.0127, 692.736
0.121, 0.999387, 6.93202e-310, 0.993321, -46.0583, 42.5179, 690.566
0.122, 0.999388, 6.93202e-310, 0.993357, -43.7128, 41.3325, 687.554
0.123, 0.999388, 6.93202e-310, 0.993394, -44.823, 42.7044, 685.407
0.124, 0.999388, 6.93202e-310, 0.993431, -42.5789, 40.6935, 682.42
0.125, 0.999389, 6.93202e-310, 0.993468, -42.9407, 41.2304, 680.297
0.126, 0.999389, 6.93202e-310, 0.993505, -41.6476, 40.9354, 678.186
0.127, 0.999389, 6.93202e-310, 0.993542, -42.1161, 40.6439, 674.388
0.128, 0.999389, 6.93202e-310, 0.99358, -39.2271, 40.3552, 673.154
0.129, 0.999389, 6.93202e-310, 0.993618, -40.6533, 39.2266, 670.234
0.13, 0.999389, 6.93202e-310, 0.993656, -38.7216, 40.6527, 668.181
0.131, 0.999389, 6.93202e-310, 0.993694, -38.5461, 39.5356, 665.288
0.132, 0.999389, 6.93202e-310, 0.993732, -37.572, 38.4134, 664.964
0.133, 0.999389, 6.93202e-310, 0.993771, -37.501, 39.0063, 660.404
0.134, 0.999389, 6.93202e-310, 0.99381, -35.7831, 38.7493, 660.111
0.135, 0.999388, 6.93202e-310, 0.993849, -36.6592, 38.4905, 657.286
0.136, 0.999388, 6.93202e-310, 0.993888, -34.1921, 37.3889, 655.327
0.137, 0.999387, 6.93202e-310, 0.993928, -35.171, 37.9872, 652.537
0.138, 0.999387, 6.93202e-310, 0.993967, -33.6463, 36.8928, 652.317
0.139, 0.999386, 6.93202e-310, 0.994007, -33.8733, 37.4938, 648.718
0.14, 0.999385, 6.93202e-310, 0.994047, -31.5873, 36.3979, 648.538
0.141, 0.999384, 6.93202e-310, 0.994087, -32.7613, 37.005, 644.982
0.142, 0.999383, 6.93202e-310, 0.994128, -31.4126, 35.9092, 643.996
0.143, 0.999382, 6.93202e-310, 0.994169, -30.9711, 36.518, 642.186
0.144, 0.99938, 6.93202e-310, 0.994209, -29.7141, 34.5702, 641.249
0.145, 0.999379, 6.93202e-310, 0.994251, -30.1995, 36.024, 637.787
0.146, 0.999377, 6.93202e-310, 0.994292, -29.028, 34.9196, 638.601
0.147, 0.999376, 6.93202e-310, 0.994333, -28.7444, 35.523, 634.338
0.148, 0.999374, 6.93202e-310, 0.994375, -27.6514, 33.5614, 635.205
0.149, 0.999372, 6.93202e-310, 0.994417, -27.4467, 34.9959, 632.698
0.15, 0.99937, 6.93202e-310, 0.994459, -27.2801, 33.8779, 630.217
0.151, 0.999367, 6.93202e-310, 0.994502, -25.4426, 33.5973, 631.167
0.152, 0.999365, 6.93202e-310, 0.994544, -26.2025, 33.3148, 627.893
0.153, 0.999363, 6.93202e-310, 0.994587, -26.135, 33.8734, 626.349
0.154, 0.99936, 6.93202e-310, 0.99463, -23.5526, 32.7136, 626.535
0.155, 0.999357, 6.93202e-310, 0.994673, -25.2507, 32.4063, 624.203
0.156, 0.999354, 6.93202e-310, 0.994716, -22.7298, 32.9329, 623.601
0.157, 0.999351, 6.93202e-310, 0.99476, -24.4837, 32.6035, 622.183
0.158, 0.999348, 6.93202e-310, 0.994803, -22.008, 32.2612, 620.794
0.159, 0.999345, 6.93202e-310, 0.994847, -22.1059, 31.0559, 620.291
0.16, 0.999342, 6.93202e-310, 0.994891, -21.3837, 32.4017, 618.121
0.161, 0.999338, 6.93202e-310, 0.994935, -21.5182, 32.0262, 617.687
0.162, 0.999334, 6.93202e-310, 0.994979, -20.8271, 30.7934, 617.288
0.163, 0.999331, 6.93202e-310, 0.995024, -20.9944, 31.2547, 615.222
0.164, 0.999327, 6.93202e-310, 0.995068, -18.6312, 30.8502, 614.895
0.165, 0.999323, 6.93202e-310, 0.995113, -19.6775, 30.4354, 614.605
0.166, 0.999319, 6.93202e-310, 0.995158, -19.0321, 30.8635, 611.799
0.167, 0.999314, 6.93202e-310, 0.995203, -18.3937, 30.4276, 613.284
0.168, 0.99931, 6.93202e-310, 0.995248, -17.7713, 30.8298, 610.553
0.169, 0.999305, 6.93202e-310, 0.995293, -17.1435, 29.5182, 610.41
0.17, 0.999301, 6.93202e-310, 0.995338, -17.3775, 29.8995, 610.31
0.171, 0.999296, 6.93202e-310, 0.995383, -16.7607, 30.2633, 609.393
0.172, 0.999291, 6.93202e-310, 0.995429, -15.2982, 28.9119, 608.517
0.173, 0.999287, 6.93202e-310, 0.995474, -16.3833, 30.1025, 606.832
0.174, 0.999282, 6.93202e-310, 0.99552, -14.0705, 29.5759, 608.585
0.175, 0.999277, 6.93202e-310, 0.995565, -16.0056, 29.03, 605.276
0.176, 0.999271, 6.93202e-310, 0.995611, -12.8322, 29.3272, 607.114
0.177, 0.999266, 6.93202e-310, 0.995656, -14.7593, 28.7531, 605.588
0.178, 0.999261, 6.93202e-310, 0.995702, -12.4273, 28.162, 604.954
0.179, 0.999256, 6.93202e-310, 0.995748, -13.4868, 30.1062, 604.365
0.18, 0.99925, 6.93202e-310, 0.995794, -11.9916, 27.7822, 604.668
0.181, 0.999245, 6.93202e-310, 0.995839, -12.1822, 28.8457, 603.312
0.182, 0.999239, 6.93202e-310, 0.995885, -11.5102, 28.182, 604.556
0.183, 0.999234, 6.93202e-310, 0.995931, -11.6797, 28.3564, 602.437
0.184, 0.999228, 6.93202e-310, 0.995977, -9.28006, 28.5103, 603.768
0.185, 0.999223, 6.93202e-310, 0.996022, -11.1193, 27.794, 602.59
0.186, 0.999217, 6.93202e-310, 0.996068, -9.53553, 27.9159, 602.31
0.187, 0.999212, 6.93202e-310, 0.996114, -8.79367, 28.0052, 602.925
0.188, 0.999206, 6.93202e-310, 0.996159, -8.87093, 28.0943, 601.884
0.189, 0.999201, 6.93202e-310, 0.996205, -8.08682, 27.2906, 602.589
0.19, 0.999195, 6.93202e-310, 0.99625, -8.12901, 27.3366, 602.492
0.191, 0.99919, 6.93202e-310, 0.996296, -7.3018, 28.1982, 601.586
0.192, 0.999184, 6.93202e-310, 0.996341, -7.29376, 27.3493, 603.28
0.193, 0.999179, 6.93202e-310, 0.996386, -6.42393, 27.3205, 601.612
0.194, 0.999173, 6.93202e-310, 0.996431, -5.5245, 26.4299, 602.544
0.195, 0.999168, 6.93202e-310, 0.996476, -5.44871, 28.0712, 602.667
0.196, 0.999163, 6.93202e-310, 0.996521, -5.35575, 27.1318, 602.832
0.197, 0.999158, 6.93202e-310, 0.996566, -5.2373, 27.0268, 603.041
0.198, 0.999152, 6.93202e-310, 0.99661, -3.3905, 26.9046, 603.29
0.199, 0.999148, 6.93202e-310, 0.996655, -4.07435, 26.7625, 603.579
0.2, 0.999143, 6.93202e-310, 0.996699, -3.03213, 26.5866, 603.908
0.201, 0.999138, 6.93202e-310, 0.996743, -3.67232, 26.4044, 605.126
0.202, 0.999133, 6.93202e-310, 0.996787, -0.880681, 27.0443, 603.83
0.203, 0.999129, 6.93202e-310, 0.996831, -3.17239, 26.8114, 605.971
0.204, 0.999125, 6.93202e-310, 0.996875, -0.343934, 25.7042, 605.596
0.205, 0.999121, 6.93202e-310, 0.996918, -0.885047, 26.2831, 606.108
0.206, 0.999117, 6.93202e-310, 0.996961, -1.41553, 26.8348, 607.503
0.207, 0.999113, 6.93202e-310, 0.997004, 1.48203, 25.6657, 607.23
0.208, 0.999109, 6.93202e-310, 0.997047, -0.702743, 26.1667, 608.688
0.209, 0.999106, 6.93202e-310, 0.997089, 2.23107, 25.8104, 608.476
0.21, 0.999103, 6.93202e-310, 0.997131, 0.933652, 26.2668, 609.994
0.211, 0.9991, 6.93202e-310, 0.997173, 2.20837, 25.0108, 610.69
0.212, 0.999098, 6.93202e-310, 0.997215, 2.64609, 25.4234, 611.409
0.213, 0.999095, 6.93202e-310, 0.997257, 2.24869, 25.8266, 613.004
0.214, 0.999093, 6.93202e-310, 0.997298, 4.42328, 25.3494, 612.922
0.215, 0.999091, 6.93202e-310, 0.997339, 4.05518, 25.6962, 614.557
0.216, 0.99909, 6.93202e-310, 0.997379, 4.55694, 24.3306, 614.513
0.217, 0.999088, 6.93202e-310, 0.99742, 5.06672, 25.4911, 617.034
0.218, 0.999088, 6.93202e-310, 0.99746, 5.58854, 24.9249, 617.866
0.219, 0.999087, 6.93202e-310, 0.997499, 5.27471, 24.3426, 618.71
0.22, 0.999087, 6.93202e-310, 0.997539, 7.51564, 24.5928, 619.561
0.221, 0.999087, 6.93202e-310, 0.997578, 7.21773, 24.8146, 621.265
0.222, 0.999087, 6.93202e-310, 0.997617, 7.77964, 24.1703, 622.974
0.223, 0.999087, 6.93202e-310, 0.997655, 7.49222, 24.3467, 622.979
0.224, 0.999088, 6.93202e-310, 0.997693, 9.77016, 23.6635, 626.382
0.225, 0.99909, 6.93202e-310, 0.997731, 8.64196, 24.6547, 625.525
0.226, 0.999092, 6.93202e-310, 0.997769, 10.0773, 23.0805, 628.912
0.227, 0.999094, 6.93202e-310, 0.997806, 9.80491, 24.0461, 628.88
0.228, 0.999096, 6.93202e-310, 0.997842, 11.2416, 24.1386, 631.385
0.229, 0.999099, 6.93202e-310, 0.997879, 11.8248, 22.5232, 633.018
0.23, 0.999102, 6.93202e-310, 0.997915, 11.5603, 24.2947, 634.631
0.231, 0.999106, 6.93202e-310, 0.99795, 12.1419, 22.6479, 635.364
0.232, 0.99911, 6.93202e-310, 0.997986, 13.5722, 23.5512, 637.769
0.233, 0.999114, 6.93202e-310, 0.998021, 13.2941, 22.737, 640.142
0.234, 0.999119, 6.93202e-310, 0.998055, 13.8684, 22.7624, 640.779
0.235, 0.999124, 6.93202e-310, 0.998089, 15.2846, 22.7841, 643.075
0.236, 0.999129, 6.93202e-310, 0.998123, 14.1413, 22.8041, 644.481
0.237, 0.999135, 6.93202e-310, 0.998156, 16.3896, 22.8046, 647.539
0.238, 0.999142, 6.93202e-310, 0.998189, 16.0842, 21.9658, 648.85
0.239, 0.999148, 6.93202e-310, 0.998222, 17.463, 22.8123, 650.107
0.24, 0.999155, 6.93202e-310, 0.998254, 16.2838, 21.9634, 653.008
0.241, 0.999163, 6.93202e-310, 0.998285, 18.4914, 21.9603, 655.001
0.242, 0.999171, 6.93202e-310, 0.998317, 18.1372, 21.9559, 656.082
0.243, 0.999179, 6.93202e-310, 0.998348, 19.4678, 21.9534, 659.645
0.244, 0.999187, 6.93202e-310, 0.998378, 19.0777, 21.957, 660.588
0.245, 0.999196, 6.93202e-310, 0.998408, 20.3836, 21.9583, 664.008
0.246, 0.999206, 6.93202e-310, 0.998438, 19.9614, 21.9628, 664.799
0.247, 0.999215, 6.93202e-310, 0.998467, 21.2275, 21.111, 668.058
0.248, 0.999225, 6.93202e-310, 0.998496, 20.7772, 21.9582, 669.532
0.249, 0.999236, 6.93202e-310, 0.998524, 22.8555, 21.118, 671.768
0.25, 0.999246, 6.93202e-310, 0.998552, 22.36, 21.9807, 674.759
0.251, 0.999257, 6.93202e-310, 0.99858, 23.5541, 21.1555, 677.655
0.252, 0.999268, 6.93202e-310, 0.998607, 23.0148, 22.0443, 677.898
0.253, 0.99928, 6.93202e-310, 0.998634, 24.1652, 22.0874, 682.29
0.254, 0.999292, 6.93202e-310, 0.99866, 24.4394, 21.3001, 684.022
0.255, 0.999304, 6.93202e-310, 0.998686, 25.5477, 21.3675, 685.643
0.256, 0.999316, 6.93202e-310, 0.998712, 25.7779, 22.3102, 689.703
0.257, 0.999329, 6.93202e-310, 0.998737, 25.1422, 20.7119, 690.242
0.258, 0.999342, 6.93202e-310, 0.998761, 27.0421, 23.3799, 694.916
0.259, 0.999355, 6.93202e-310, 0.998785, 27.2133, 20.9691, 695.214
0.26, 0.999368, 6.93202e-310, 0.998809, 27.3738, 22.8238, 699.64
0.261, 0.999382, 6.93202e-310, 0.998833, 27.5126, 21.2949, 700.537
0.262, 0.999395, 6.93202e-310, 0.998856, 29.3342, 23.1937, 704.707
0.263, 0.999409, 6.93202e-310, 0.998878, 28.5879, 22.551, 706.194
0.264, 0.999423, 6.93202e-310, 0.9989, 29.5307, 21.9424, 708.4
0.265, 0.999437, 6.93202e-310, 0.998922, 29.6018, 23.048, 712.173
0.266, 0.999451, 6.93202e-310, 0.998943, 30.5126, 23.3232, 714.109
0.267, 0.999466, 6.93202e-310, 0.998964, 31.4051, 22.7713, 716.763
0.268, 0.99948, 6.93202e-310, 0.998985, 30.5904, 23.9442, 719.276
0.269, 0.999495, 6.93202e-310, 0.999005, 32.3136, 23.4205, 722.505
0.27, 0.999509, 6.93202e-310, 0.999025, 31.4684, 23.7756, 724.744
0.271, 0.999524, 6.93202e-310, 0.999044, 33.1723, 24.1476, 726.844
0.272, 0.999538, 6.93202e-310, 0.999063, 33.157, 24.548, 730.508
0.273, 0.999553, 6.93202e-310, 0.999081, 33.9853, 25.8235, 732.333
0.274, 0.999567, 6.93202e-310, 0.9991, 33.9546, 24.566, 735.719
0.275, 0.999582, 6.93202e-310, 0.999117, 33.9079, 25.8913, 738.116
0.276, 0.999596, 6.93202e-310, 0.999135, 35.5673, 25.537, 740.376
0.277, 0.99961, 6.93202e-310, 0.999152, 34.6585, 26.0552, 743.347
0.278, 0.999625, 6.93202e-310, 0.999168, 36.2962, 27.4489, 746.182
0.279, 0.999639, 6.93202e-310, 0.999185, 36.2337, 27.1744, 748.03
0.28, 0.999653, 6.93202e-310, 0.999201, 37.0154, 27.7551, 752.294
0.281, 0.999667, 6.93202e-310, 0.999216, 36.9427, 27.5271, 753.87
0.282, 0.99968, 6.93202e-310, 0.999231, 37.7193, 28.166, 756.167
0.283, 0.999694, 6.93202e-310, 0.999246, 38.4981, 29.6724, 760.033
0.284, 0.999707, 6.93202e-310, 0.999261, 37.5758, 29.5115, 761.219
0.285, 0.999721, 6.93202e-310, 0.999275, 40.0581, 30.2148, 765.679
0.286, 0.999734, 6.93202e-310, 0.999289, 38.2927, 29.2407, 766.614
0.287, 0.999746, 6.93202e-310, 0.999302, 40.7823, 31.6964, 770.831
0.288, 0.999759, 6.93202e-310, 0.999315, 39.8741, 31.6124, 771.527
0.289, 0.999771, 6.93202e-310, 0.999328, 40.6835, 32.4016, 776.364
0.29, 0.999783, 6.93202e-310, 0.99934, 40.6426, 32.344, 777.685
0.291, 0.999795, 6.93202e-310, 0.999353, 42.3138, 33.1589, 780.601
0.292, 0.999806, 6.93202e-310, 0.999364, 41.4468, 33.1408, 782.562
0.293, 0.999818, 6.93202e-310, 0.999376, 43.1446, 34.8372, 786.982
0.294, 0.999828, 6.93202e-310, 0.999387, 42.2946, 35.704, 787.901
0.295, 0.999839, 6.93202e-310, 0.999398, 44.0157, 34.8927, 791.286
0.296, 0.999849, 6.93202e-310, 0.999409, 43.197, 37.5002, 793.734
0.297, 0.999859, 6.93202e-310, 0.999419, 44.9424, 35.8677, 796.104
0.298, 0.999869, 6.93202e-310, 0.999429, 43.296, 37.6623, 798.404
0.299, 0.999878, 6.93202e-310, 0.999439, 45.926, 38.6196, 801.483
0.3, 0.999887, 6.93202e-310, 0.999449, 46.0089, 38.7418, 804.498
0.301, 0.999896, 6.93202e-310, 0.999458, 45.2653, 39.7321, 806.608
0.302, 0.999904, 6.93202e-310, 0.999467, 47.0795, 39.8859, 808.664
0.303, 0.999912, 6.93202e-310, 0.999476, 46.3634, 41.7531, 811.528
0.304, 0.999919, 6.93202e-310, 0.999484, 47.3628, 40.2333, 814.347
0.305, 0.999926, 6.93202e-310, 0.999492, 47.5233, 42.9828, 817.137
0.306, 0.999933, 6.93202e-310, 0.9995, 48.5525, 42.3378, 818.191
0.307, 0.999939, 6.93202e-310, 0.999508, 47.8877, 43.4077, 821.779
0.308, 0.999946, 6.93202e-310, 0.999516, 49.8025, 44.4901, 824.495
0.309, 0.999951, 6.93202e-310, 0.999523, 50.0149, 43.8825, 825.5
0.31, 0.999957, 6.93202e-310, 0.99953, 49.3978, 45.8412, 829.902
0.311, 0.999962, 6.93202e-310, 0.999537, 50.4926, 46.1031, 830.901
0.312, 0.999966, 6.93202e-310, 0.999543, 50.7472, 46.3839, 833.607
0.313, 0.999971, 6.93202e-310, 0.99955, 51.8675, 47.52, 836.323
0.314, 0.999975, 6.93202e-310, 0.999556, 52.1449, 46.9712, 838.21
0.315, 0.999978, 6.93202e-310, 0.999562, 51.5781, 48.9864, 840.967
0.316, 0.999982, 6.93202e-310, 0.999568, 53.5792, 48.4639, 842.903
0.317, 0.999985, 6.93202e-310, 0.999573, 52.18, 49.656, 845.727
0.318, 0.999988, 6.93202e-310, 0.999579, 55.0472, 50.0082, 847.738
0.319, 0.99999, 6.93202e-310, 0.999584, 53.659, 51.2327, 850.646
0.32, 0.999992, 6.93202e-310, 0.999589, 53.9888, 49.9166, 851.906
0.321, 0.999994, 6.93202e-310, 0.999594, 56.0169, 52.8666, 854.07
0.322, 0.999996, 6.93202e-310, 0.999599, 55.499, 51.5902, 858.001
0.323, 0.999997, 6.93202e-310, 0.999603, 56.6876, 52.8776, 858.596
0.324, 0.999998, 6.93202e-310, 0.999608, 56.1768, 53.3272, 860.964
0.325, 0.999999, 6.93202e-310, 0.999612, 57.3699, 53.8097, 863.411
0.326, 0.999999, 6.93202e-310, 0.999616, 57.7162, 54.2963, 866.789
0.327, 1, 6.93202e-310, 0.99962, 58.0648, 54.8115, 866.854
0.328, 1, 6.93202e-310, 0.999624, 58.411, 54.4965, 869.56
0.329, 1, 6.93202e-310, 0.999628, 59.6165, 55.894, 873.215
0.33, 1, 6.93202e-310, 0.999631, 59.1154, 55.6239, 873.567
0.331, 0.999999, 6.93202e-310, 0.999635, 61.1755, 56.213, 875.723
0.332, 0.999999, 6.93202e-310, 0.999638, 59.823, 56.8297, 878.839
0.333, 0.999998, 6.93202e-310, 0.999641, 61.8835, 57.4669, 880.367
0.334, 0.999997, 6.93202e-310, 0.999644, 61.3925, 57.2733, 882.007
0.335, 0.999996, 6.93202e-310, 0.999647, 62.5916, 57.957, 884.621
0.336, 0.999995, 6.93202e-310, 0.99965, 62.9452, 57.8076, 886.503
0.337, 0.999994, 6.93202e-310, 0.999653, 63.2865, 58.5366, 887.661
0.338, 0.999993, 6.93202e-310, 0.999656, 63.6311, 58.4433, 890.649
0.339, 0.999991, 6.93202e-310, 0.999658, 65.6608, 59.2118, 892.067
0.34, 0.99999, 6.93202e-310, 0.999661, 64.2841, 59.1697, 894.465
0.341, 0.999988, 6.93202e-310, 0.999663, 65.449, 59.1549, 896.154
0.342, 0.999987, 6.93202e-310, 0.999666, 67.4497, 60.0028, 897.973
0.343, 0.999985, 6.93202e-310, 0.999668, 66.0488, 59.201, 899.087
0.344, 0.999984, 6.93202e-310, 0.99967, 68.0358, 60.9572, 902.038
0.345, 0.999982, 6.93202e-310, 0.999673, 68.3197, 59.3528, 904.283
0.346, 0.99998, 6.93202e-310, 0.999675, 68.605, 61.1774, 904.963
0.347, 0.999979, 6.93202e-310, 0.999677, 69.7525, 59.6272, 907.493
0.348, 0.999977, 6.93202e-310, 0.999679, 70.0516, 61.5052, 909.312
0.349, 0.999975, 6.93202e-310, 0.999681, 71.2156, 60.0145, 910.421
0.35, 0.999974, 6.93202e-310, 0.999683, 71.5544, 60.2427, 912.524
0.351, 0.999972, 6.93202e-310, 0.999685, 72.7583, 61.3596, 914.773
0.352, 0.999971, 6.93202e-310, 0.999687, 72.2953, 61.643, 915.457
0.353, 0.999969, 6.93202e-310, 0.999689, 73.5547, 60.2577, 917.986
0.354, 0.999968, 6.93202e-310, 0.999691, 74.8292, 60.5994, 918.952
0.355, 0.999966, 6.93202e-310, 0.999692, 75.276, 61.8232, 920.06
0.356, 0.999965, 6.93202e-310, 0.999694, 75.7053, 60.5299, 923.01
0.357, 0.999964, 6.93202e-310, 0.999696, 76.1329, 61.8159, 922.696
0.358, 0.999963, 6.93202e-310, 0.999698, 77.377, 60.593, 925.924
0.359, 0.999962, 6.93202e-310, 0.9997, 78.5977, 61.9649, 925.885
0.36, 0.999961, 6.93202e-310, 0.999702, 78.9202, 59.9727, 929.388
0.361, 0.99996, 6.93202e-310, 0.999703, 80.0388, 61.4217, 928.768
0.362, 0.999959, 6.93202e-310, 0.999705, 81.9476, 60.3732, 932.538
0.363, 0.999958, 6.93202e-310, 0.999707, 81.241, 60.2145, 932.183
0.364, 0.999958, 6.93202e-310, 0.999709, 83.0409, 60.0918, 936.212
0.365, 0.999957, 6.93202e-310, 0.999711, 84.7918, 60.8585, 936.109
0.366, 0.999957, 6.93202e-310, 0.999713, 86.5362, 58.2466, 938.677
0.367, 0.999956, 6.93202e-310, 0.999715, 85.7225, 59.9023, 941.364
0.368, 0.999956, 6.93202e-310, 0.999717, 89.1864, 59.0279, 941.607
0.369, 0.999956, 6.93202e-310, 0.99972, 89.2757, 58.9903, 943.658
0.37, 0.999956, 6.93202e-310, 0.999722, 91.1213, 57.2615, 946.667
0.371, 0.999956, 6.93202e-310, 0.999724, 92.1871, 58.0639, 947.222
0.372, 0.999956, 6.93202e-310, 0.999726, 93.3333, 57.9971, 949.574
0.373, 0.999956, 6.93202e-310, 0.999729, 94.5799, 57.0558, 950.312
0.374, 0.999956, 6.93202e-310, 0.999731, 95.9123, 56.9461, 951.992
0.375, 0.999957, 6.93202e-310, 0.999734, 97.3382, 56.7977, 952.905
0.376, -0.535544, -0.131876, 1.20636, 99.3727, 56.5109, 953.544
0.377, -2.29258, -0.564252, 5.17286, 100.998, 56.7422, 950.653
0.378, -1.78162, -0.439699, 4.02954, 102.969, 55.0247, 952.946
0.379, -2.16134, -0.532962, 4.89917, 105.028, 56.3698, 953.298
0.38, -4.33597, -1.07032, 9.84812, 106.384, 54.8799, 948.791
0.381, -3.41364, -0.843214, 7.77652, 108.929, 55.6331, 953.068
0.382, -4.87398, -1.20486, 11.13, 110.482, 55.0839, 949.436
0.383, -5.88604, -1.45814, 13.4818, 112.464, 53.8763, 948.56
0.384, -5.6263, -1.3952, 12.9307, 114.903, 54.424, 950.645
0.385, -7.18398, -1.78403, 16.5622, 116.628, 53.8586, 946.894
0.386, -7.77321, -1.93266, 17.9886, 119.119, 54.2152, 947.947
0.387, -7.88919, -1.96774, 18.3262, 121.172, 53.1231, 946.731
0.388, -9.96307, -2.48995, 23.2387, 123.506, 52.4965, 945.226
0.389, -9.50094, -2.37711, 22.2546, 125.9, 53.6152, 945.401
0.39, -11.2289, -2.81593, 26.4149, 127.968, 52.9508, 942.165
0.391, -11.7726, -2.96397, 27.83, 130.597, 51.7775, 942.545
0.392, -12.8627, -3.24462, 30.5529, 132.958, 51.875, 940.793
0.393, -13.8311, -3.49664, 33.0163, 135.247, 51.9297, 938.465
0.394, -14.3981, -3.64913, 34.5571, 138.024, 52.0202, 938.773
0.395, -14.8586, -3.78276, 35.8652, 140.741, 50.7675, 938.477
0.396, -17.0764, -4.34916, 41.4362, 142.705, 51.8437, 933.071
0.397, -17.6597, -4.51928, 43.1175, 145.629, 50.5719, 933.258
0.398, -18.1042, -4.64359, 44.477, 148.453, 51.1215, 932.919
0.399, -19.0812, -4.91419, 47.1771, 151.003, 50.3351, 930.382
0.4, -20.8736, -5.38763, 51.9435, 153.554, 50.6697, 927.472
0.401, -21.9321, -5.67498, 54.9495, 156.26, 51, 925.462
0.402, -22.4398, -5.84076, 56.634, 159.301, 49.6232, 924.76
0.403, -23.5875, -6.1511, 59.963, 162.17, 50.445, 923.246
0.404, -25.2189, -6.59596, 64.5863, 164.716, 50.579, 919.566
0.405, -26.1617, -6.87936, 67.5276, 167.468, 49.6395, 916.695
0.406, -26.8975, -7.09114, 69.9878, 170.913, 50.3628, 917.68
0.407, -28.9057, -7.6536, 75.8163, 173.148, 49.8007, 911.864
0.408, -29.9037, -7.94014, 79.0866, 176.122, 50.344, 910.273
0.409, -30.3264, -8.09518, 80.9041, 179.453, 49.8881, 910.1
0.41, -32.3321, -8.65327, 86.984, 181.883, 50.2562, 905.626
0.411, -33.6339, -9.04852, 91.2863, 184.539, 49.6574, 902.039
0.412, -34.4627, -9.29349, 94.3645, 187.651, 50.5, 901.331
0.413, -35.7176, -9.68477, 98.691, 190.435, 49.8692, 898.48
0.414, -37.3402, -10.1465, 104.093, 192.826, 50.5155, 894.504
0.415, -38.784, -10.5874, 109.11, 195.151, 50.2246, 890.012
0.416, -39.3607, -10.7854, 111.749, 198.42, 50.4761, 890.399
0.417, -41.2059, -11.3412, 118.061, 200.529, 50.1309, 885.353
0.418, -42.2905, -11.6577, 122.251, 202.861, 51.0029, 882.379
0.419, -43.3463, -12.0204, 126.469, 205.306, 50.2635, 879.314
0.42, -45.272, -12.5677, 133.236, 207.067, 50.9886, 874.494
0.421, -45.981, -12.8285, 136.546, 209.465, 50.6174, 872.221
0.422, -47.5898, -13.3075, 142.537, 211.232, 50.9043, 868.054
0.423, -48.4373, -13.5957, 146.33, 213.252, 50.828, 865.176
0.424, -50.6528, -14.226, 154.259, 214.262, 51.3167, 858.945
0.425, -50.5754, -14.2812, 155.338, 216.551, 50.8928, 857.806
0.426, -52.9334, -14.9682, 163.843, 217.198, 50.9587, 850.875
0.427, -53.6544, -15.192, 167.344, 218.919, 51.4518, 848.884
0.428, -54.9982, -15.6403, 172.869, 219.739, 50.8367, 843.109
0.429, -56.8015, -16.1592, 179.797, 220.336, 51.1498, 837.567
0.43, -56.8278, -16.2108, 181.185, 221.872, 51.2308, 835.798
0.431, -59.1382, -16.888, 189.809, 221.605, 51.0783, 827.588
0.432, -59.6569, -17.0726, 192.708, 223.116, 51.1633, 826.739
0.433, -61.7735, -17.7213, 200.848, 222.129, 50.5791, 816.33
0.434, -61.8459, -17.7386, 202.248, 223.504, 51.1793, 816.009
0.435, -63.8927, -18.3669, 210.168, 222.737, 50.6249, 807.403
0.436, -65.1133, -18.7454, 215.347, 222.972, 50.4948, 803.182
0.437, -65.3001, -18.8192, 217.172, 223.137, 50.5648, 798.85
0.438, -67.6512, -19.5068, 226.103, 222.161, 50.2486, 790.763
0.439, -68.4512, -19.7748, 229.925, 222.283, 50.061, 786.872
0.44, -69.7161, -20.1713, 235.37, 221.233, 49.6767, 778.753
0.441, -70.795, -20.4894, 240.117, 220.919, 49.656, 773.83
0.442, -72.2632, -20.946, 246.218, 220.193, 49.3225, 767.496
0.443, -73.1201, -21.2074, 250.278, 219.738, 49.2439, 762.3
0.444, -74.2669, -21.6122, 255.415, 218.764, 48.6184, 755.125
0.445, -76.142, -22.1556, 262.957, 217.666, 48.4447, 748.047
0.446, -76.6619, -22.3674, 266.015, 216.934, 48.0567, 741.998
0.447, -78.482, -22.9022, 273.463, 215.784, 47.8492, 734.914
0.448, -79.0875, -23.1455, 276.86, 215.109, 47.4676, 729.284
0.449, -81.1898, -23.763, 285.442, 213.348, 47.1381, 720.12
0.45, -81.3769, -23.9399, 287.514, 213.036, 46.6058, 715.721
0.451, -83.5903, -24.5953, 296.602, 211.303, 46.2792, 706.817
0.452, -84.632, -24.9814, 301.794, 210.031, 45.789, 699.208
0.453, -85.6215, -25.3565, 306.773, 209.497, 45.4436, 694.327
0.454, -87.1013, -25.8307, 313.651, 207.674, 45.0467, 684.953
0.455, -88.5463, -26.3426, 320.449, 206.59, 44.6108, 678.172
0.456, -89.3725, -26.7361, 325.236, 205.651, 44.0156, 671.66
0.457, -91.1372, -27.2594, 333.352, 203.865, 43.7939, 662.634
0.458, -92.1289, -27.7108, 338.916, 202.911, 43.2178, 656.123
0.459, -93.9435, -28.3476, 347.559, 200.991, 42.6537, 646.498
0.46, -94.1763, -28.5648, 350.517, 200.783, 42.3582, 642.525
0.461, -96.5543, -29.3634, 361.484, 198.372, 41.7393, 631.358
0.462, -97.2448, -29.7149, 366.387, 197.563, 41.3627, 625.375
0.463, -98.8709, -30.3213, 374.863, 195.881, 40.8673, 616.637
0.464, -99.8843, -30.7656, 381.292, 194.33, 40.3813, 608.214
0.465, -101.013, -31.3609, 388.203, 193.641, 39.8141, 602.685
0.466, -102.953, -31.9446, 398.298, 191.111, 39.4591, 591.393
0.467, -103.368, -32.3551, 402.885, 190.355, 38.8894, 585.583
0.468, -105.302, -32.9942, 413.156, 188.48, 38.5499, 576.614
0.469, -106.001, -33.4821, 419.142, 186.97, 37.8954, 568.508
0.47, -107.942, -34.1815, 429.804, 184.918, 37.4324, 559.101
0.471, -108.149, -34.4779, 433.879, 184.45, 37.1074, 554.564
0.472, -110.098, -35.1594, 445.007, 181.383, 36.4881, 542.103
0.473, -111.295, -35.7112, 453.129, 180.045, 36.0775, 535.18
0.474, -111.89, -36.0972, 459.027, 178.872, 35.6919, 528.764
0.475, -113.571, -36.7541, 469.453, 176.162, 35.0848, 517.803
0.476, -115.135, -37.2973, 479.293, 174.111, 34.7041, 509.118
0.477, -115.128, -37.5729, 483.129, 172.97, 34.2724, 503.021
0.478, -117.15, -38.3726, 495.151, 170.389, 33.6753, 492.976
0.479, -118.467, -38.714, 504.255, 167.883, 33.3298, 483.292
0.48, -118.713, -39.0244, 509.128, 166.801, 32.9861, 477.826
0.481, -120.473, -39.7025, 520.432, 163.755, 32.3508, 466.773
0.482, -121.542, -40.0975, 528.714, 161.676, 31.967, 458.735
0.483, -122.494, -40.4391, 536.606, 159.406, 31.5567, 450.232
0.484, -123.896, -40.9635, 546.484, 156.685, 31.0268, 440.591
0.485, -124.501, -41.2767, 553.001, 154.808, 30.6447, 433.455
0.486, -126.044, -41.6919, 563.349, 152.103, 30.2172, 424.192
0.487, -126.539, -41.9245, 569.465, 149.996, 29.8218, 416.607
0.488, -128.421, -42.3566, 581.393, 146.649, 29.3021, 405.763
0.489, -128.907, -42.764, 587.704, 144.403, 28.7969, 397.991
0.49, -130.037, -42.8417, 596.24, 141.882, 28.4885, 389.693
0.491, -131.154, -43.1177, 604.933, 139.28, 28.0634, 381.251
0.492, -132.119, -43.575, 613.358, 136.461, 27.504, 372.227
0.493, -133.151, -43.6321, 621.642, 133.638, 27.1052, 363.352
0.494, -134.432, -43.8589, 630.986, 130.997, 26.6996, 355.129
0.495, -134.871, -44.1155, 637.195, 128.287, 26.1845, 346.644
0.496, -136.359, -44.0433, 646.994, 125.707, 25.8919, 338.837
0.497, -137.122, -44.4546, 654.9, 122.326, 25.2227, 328.675
0.498, -137.759, -44.2648, 661.038, 120.44, 25.0136, 322.846
0.499, -139.147, -44.6125, 671.472, 116.673, 24.3272, 311.88
0.5, -139.813, -44.5102, 677.882, 114.653, 24.0549, 305.803
0.501, -140.632, -44.708, 685.556, 111.852, 23.5609, 297.621
0.502, -141.708, -44.5544, 694.175, 108.37, 23, 287.656
0.503, -142.435, -44.5249, 700.983, 106.152, 22.6555, 281.221
0.504, -143.456, -44.6808, 709.5, 103.29, 22.1527, 273.084
0.505, -144.163, -44.5172, 716.582, 100.016, 21.589, 263.849
0.506, -144.52, -44.5175, 721.887, 98.0106, 21.2548, 258.105
0.507, -145.831, -44.2443, 731.083, 95.1543, 20.8015, 250.187
0.508, -146.52, -44.5768, 738.841, 91.5903, 20.0861, 240.32
0.509, -146.884, -44.1109, 743.379, 90.1472, 19.9131, 236.239
0.51, -147.97, -44.0513, 752.198, 86.7797, 19.284, 227.046
0.511, -148.24, -43.85, 757.218, 84.2063, 18.8138, 219.966
0.512, -149.185, -43.9832, 765.485, 81.3443, 18.2557, 212.209
0.513, -149.413, -43.5194, 769.685, 79.3779, 17.9285, 206.837
0.514, -150.422, -43.6001, 778.277, 76.3824, 17.3303, 198.791
0.515, -150.507, -43.5239, 782.545, 74.0695, 16.8773, 192.538
0.516, -151.273, -42.9968, 789.203, 71.4771, 16.3937, 185.617
0.517, -151.923, -43.2159, 796.43, 68.6713, 15.8014, 178.146
0.518, -151.892, -42.8005, 799.576, 66.7759, 15.4425, 173.078
0.519, -152.796, -42.7395, 807.504, 64.0171, 14.8656, 165.798
0.52, -152.914, -42.588, 811.65, 62.0619, 14.466, 160.621
0.521, -153.361, -42.4003, 817.432, 59.483, 13.9185, 153.832
0.522, -153.782, -42.4869, 823.576, 56.7671, 13.3205, 146.7
0.523, -153.741, -42.2799, 826.757, 55.1867, 12.9906, 142.557
0.524, -154.214, -41.7314, 831.94, 53.163, 12.5682, 137.281
0.525, -154.212, -42.4084, 836.976, 50.558, 11.9539, 130.473
0.526, -155.181, -41.7892, 844.507, 47.9633, 11.3861, 123.746
0.527, -154.421, -41.8019, 844.594, 46.9383, 11.1588, 121.078
0.528, -155.202, -41.7737, 852.355, 43.9418, 10.4656, 113.312
0.529, -154.778, -41.8418, 853.838, 43.0385, 10.2599, 110.996
0.53, -155.634, -41.7478, 861.993, 39.8985, 9.52662, 102.873
0.531, -155.044, -41.6947, 862.796, 38.6175, 9.22988, 99.5769
0.532, -155.333, -42.0539, 868.586, 36.399, 8.69897, 93.8623
0.533, -155.343, -41.9893, 872.317, 34.6517, 8.28661, 89.3745
0.534, -155.487, -41.458, 875.994, 32.9313, 7.88735, 84.9633
0.535, -155.209, -41.842, 878.851, 31.535, 7.54747, 81.3934
0.536, -155.42, -42.5542, 885.138, 28.8251, 6.88925, 74.4097
0.537, -155.102, -41.5387, 885.606, 28.0336, 6.71218, 72.4147
0.538, -154.946, -42.4121, 889.827, 26.4601, 6.32203, 68.391
0.539, -155.457, -42.1089, 896.189, 23.7429, 5.67344, 61.3912
0.54, -154.665, -42.5743, 896.494, 23.0397, 5.49731, 59.6225
0.541, -154.809, -42.4201, 900.771, 21.4684, 5.11937, 55.6021
0.542, -154.395, -43.2216, 904.218, 19.2478, 4.58007, 49.8777
0.543, -154.4, -42.1464, 905.788, 19.0601, 4.53814, 49.4594
0.544, -154.31, -43.4536, 911.982, 16.1301, 3.82816, 41.8781
0.545, -153.747, -42.9034, 911.612, 16.0537, 3.80855, 41.7391
0.546, -154.07, -43.0989, 918.099, 13.3586, 3.1635, 34.7597
0.547, -153.021, -43.8408, 917.266, 13.4767, 3.18336, 35.1202
0.548, -153.286, -43.3432, 922.675, 10.5664, 2.49414, 27.5589
0.549, -152.629, -44.2353, 923.849, 10.91, 2.56677, 28.5073
0.55, -152.538, -43.7965, 927.563, 8.34436, 1.96129, 21.8246
0.551, -152.218, -43.8919, 929.662, 8.02795, 1.88282, 21.0347
0.552, -151.433, -45.118, 932.037, 6.32056, 1.47715, 16.5822
0.553, -151.064, -44.461, 932.967, 5.81936, 1.3582, 15.295
0.554, -147.144, -43.0302, 948.774, 0.0163162, 0, -0.0163162
0.555, -147.408, -45.0099, 947.599, 0.0160949, 0, -0.0160949
0.556, -147.725, -43.6298, 947.292, 0.0158723, 0, -0.0158723
0.557, -148.101, -46.5462, 946.151, 0.0156486, 0, -0.0156486
0.558, -148.529, -44.3912, 946.725, 0.0154241, 0, -0.0154241
0.559, -149.852, -46.5385, 944.765, 0.0151991, 0, -0.0151991
0.56, -148.677, -47.0326, 945.364, 0.014974, 0, -0.014974
0.561, -150.091, -46.7255, 943.43, 0.0147489, 0, -0.0147489
0.562, -149.842, -48.1709, 944.907, 0.0145243, 0, -0.0145243
0.563, -150.479, -47.965, 942.146, 0.0143003, 0, -0.0143003
0.564, -150.3, -47.8264, 943.646, 0.0140774, 0, -0.0140774
0.565, -151.003, -49.4312, 941.754, 0.0138557, 0, -0.0138557
0.566, -149.183, -49.4069, 940.72, 0.0136355, 0, -0.0136355
0.567, -151.639, -49.4341, 941.398, 0.0134172, 0, -0.0134172
0.568, -149.87, -50.374, 940.378, 0.013201, 0, -0.013201
0.569, -150.675, -50.5297, 939.366, 0.0129871, 0, -0.0129871
0.57, -149.802, -50.7446, 938.358, 0.0127759, 0, -0.0127759
0.571, -149.79, -51.8764, 939.057, 0.0125677, 0, -0.0125677
0.572, -148.948, -51.3683, 936.353, 0.0123626, 0, -0.0123626
0.573, -149.819, -52.6323, 937.057, 0.012161, 0, -0.012161
0.574, -148.991, -53.1129, 936.058, 0.011963, 0, -0.011963
0.575, -148.158, -52.8183, 935.058, 0.011769, 0, -0.011769
0.576, -147.315, -52.5967, 934.063, 0.0115792, 0, -0.0115792
0.577, -147.305, -54.9986, 933.063, 0.0113938, 0, -0.0113938
0.578, -146.412, -53.2363, 932.912, 0.0112131, 0, -0.0112131
0.579, -146.336, -54.958, 931.06, 0.0110373, 0, -0.0110373
0.58, -145.362, -54.2093, 930.904, 0.0108665, 0, -0.0108665
0.581, -145.194, -55.252, 929.894, 0.0107011, 0, -0.0107011
0.582, -143.253, -55.5402, 929.73, 0.0105412, 0, -0.0105412
0.583, -142.953, -55.0497, 927.012, 0.010387, 0, -0.010387
0.584, -143.445, -56.3572, 928.535, 0.0102387, 0, -0.0102387
0.585, -141.322, -55.1835, 925.803, 0.0100966, 0, -0.0100966
0.586, -141.701, -55.7924, 925.609, 0.00996073, 0, -0.00996073
0.587, -139.477, -56.4672, 925.406, 0.00983133, 0, -0.00983133
0.588, -139.76, -56.3494, 922.639, 0.00970855, 0, -0.00970855
0.589, -138.303, -57.1363, 924.109, 0.00959255, 0, -0.00959255
0.59, -136.802, -56.2658, 920.463, 0.00948348, 0, -0.00948348
0.591, -136.967, -57.133, 921.055, 0.00938148, 0, -0.00938148
0.592, -135.394, -57.1915, 918.223, 0.00928667, 0, -0.00928667
0.593, -133.783, -58.1296, 917.923, 0.00919918, 0, -0.00919918
0.594, -133.817, -58.2648, 916.756, 0.00911912, 0, -0.00911912
0.595, -130.369, -59.29, 913.863, 0.00904659, 0, -0.00904659
0.596, -131.082, -59.5201, 913.504, 0.00898169, 0, -0.00898169
0.597, -129.132, -60.6742, 911.425, 0.0089245, 0, -0.0089245
0.598, -127.057, -60.1925, 909.32, 0.00887511, 0, -0.00887511
0.599, -127.397, -61.5163, 908.046, 0.00883359, 0, -0.00883359
0.6, -124.184, -61.2277, 905.897, 0.00879999, 0, -0.00879999
0.601, -124.218, -62.7566, 904.576, 0.00877437, 0, -0.00877437
0.602, -121.541, -61.8498, 903.226, 0.00875677, 0, -0.00875677
0.603, -122.092, -62.7638, 901.857, 0.00874723, 0, -0.00874723
0.604, -119.941, -62.9403, 900.461, 0.00874577, 0, -0.00874577
0.605, -119.348, -62.3814, 898.185, 0.00875241, 0, -0.00875241
0.606, -117.764, -63.6433, 897.578, 0.00876714, 0, -0.00876714
0.607, -116.91, -61.5913, 896.945, 0.00878996, 0, -0.00878996
0.608, -115.935, -63.0386, 894.575, 0.00882087, 0, -0.00882087
0.609, -114.844, -62.0074, 893.025, 0.00885982, 0, -0.00885982
0.61, -113.651, -61.9045, 892.296, 0.00890679, 0, -0.00890679
0.611, -112.353, -62.7196, 890.677, 0.00896173, 0, -0.00896173
0.612, -112.656, -61.0337, 889.032, 0.00902458, 0, -0.00902458
0.613, -109.46, -61.9548, 887.344, 0.00909527, 0, -0.00909527
0.614, -110.416, -61.2238, 885.627, 0.00917374, 0, -0.00917374
0.615, -108.72, -61.3985, 883.87, 0.0092599, 0, -0.0092599
0.616, -106.917, -60.7569, 882.083, 0.00935365, 0, -0.00935365
0.617, -105.868, -61.8723, 879.404, 0.00945489, 0, -0.00945489
0.618, -105.56, -60.484, 877.542, 0.00956352, 0, -0.00956352
0.619, -104.303, -60.843, 876.495, 0.00967941, 0, -0.00967941
0.62, -102.089, -61.256, 872.857, 0.00980243, 0, -0.00980243
0.621, -102.323, -60.0212, 871.731, 0.00993244, 0, -0.00993244
0.622, -100.765, -61.3824, 868.867, 0.0100693, 0, -0.0100693
0.623, -99.0988, -60.2434, 866.817, 0.0102128, 0, -0.0102128
0.624, -99.0489, -60.8616, 863.023, 0.0103629, 0, -0.0103629
0.625, -97.197, -60.6694, 862.596, 0.0105194, 0, -0.0105194
0.626, -96.1129, -59.6803, 859.578, 0.0106819, 0, -0.0106819
0.627, -94.9385, -61.282, 855.672, 0.0108505, 0, -0.0108505
0.628, -93.6787, -59.5299, 855.129, 0.0110249, 0, -0.0110249
0.629, -94.0453, -59.5181, 851.148, 0.0112048, 0, -0.0112048
0.63, -90.9234, -60.3953, 848.831, 0.0113901, 0, -0.0113901
0.631, -91.1315, -60.4607, 845.63, 0.0115805, 0, -0.0115805
0.632, -90.4152, -59.7082, 844.091, 0.0117759, 0, -0.0117759
0.633, -87.9274, -59.8465, 840.819, 0.0119759, 0, -0.0119759
0.634, -88.7713, -59.1577, 836.663, 0.0121804, 0, -0.0121804
0.635, -85.2989, -60.2068, 835.876, 0.012389, 0, -0.012389
0.636, -86.8688, -58.732, 831.656, 0.0126016, 0, -0.0126016
0.637, -84.121, -60.6896, 829.955, 0.0128178, 0, -0.0128178
0.638, -83.0204, -59.2639, 825.672, 0.0130374, 0, -0.0130374
0.639, -83.5677, -59.5728, 823.061, 0.0132602, 0, -0.0132602
0.64, -80.6643, -59.051, 820.42, 0.0134858, 0, -0.0134858
0.641, -81.1079, -60.2525, 816.902, 0.013714, 0, -0.013714
0.642, -79.8131, -58.9187, 815.058, 0.0139444, 0, -0.0139444
0.643, -78.4769, -59.3131, 810.634, 0.0141769, 0, -0.0141769
0.644, -77.1003, -59.7188, 808.739, 0.014411, 0, -0.014411
0.645, -77.3966, -59.2891, 804.267, 0.0146465, 0, -0.0146465
0.646, -75.1073, -59.7259, 802.322, 0.0148831, 0, -0.0148831
0.647, -75.3423, -59.3247, 799.508, 0.0151205, 0, -0.0151205
0.648, -73.0066, -58.9286, 795.817, 0.0153583, 0, -0.0153583
0.649, -74.0537, -60.251, 792.96, 0.0155963, 0, -0.0155963
0.65, -70.8295, -59.0219, 789.234, 0.0158341, 0, -0.0158341
0.651, -71.8516, -59.4987, 787.19, 0.0160714, 0, -0.0160714
0.652, -70.308, -59.1306, 784.279, 0.0163079, 0, -0.0163079
0.653, -68.7587, -59.6161, 779.655, 0.0165433, 0, -0.0165433
0.654, -68.9128, -59.2479, 778.418, 0.0167772, 0, -0.0167772
0.655, -67.3558, -59.7344, 774.62, 0.0170094, 0, -0.0170094
0.656, -66.6638, -58.5045, 771.663, 0.0172395, 0, -0.0172395
0.657, -65.966, -59.8293, 768.697, 0.0174671, 0, -0.0174671
0.658, -65.2816, -60.3025, 764.877, 0.017692, 0, -0.017692
0.659, -64.6029, -58.2014, 763.603, 0.0179139, 0, -0.0179139
0.66, -62.2348, -59.5058, 760.626, 0.0181323, 0, -0.0181323
0.661, -63.283, -59.0861, 755.949, 0.018347, 0, -0.018347
0.662, -61.7976, -59.5131, 754.676, 0.0185577, 0, -0.0185577
0.663, -61.1785, -59.069, 750.849, 0.0187641, 0, -0.0187641
0.664, -60.5752, -59.4618, 748.735, 0.0189657, 0, -0.0189657
0.665, -59.1516, -58.979, 745.771, 0.0191624, 0, -0.0191624
0.666, -58.602, -58.4836, 742.816, 0.0193538, 0, -0.0193538
0.667, -57.2226, -59.6617, 740.72, 0.0195395, 0, -0.0195395
0.668, -58.4326, -58.2654, 736.935, 0.0197193, 0, -0.0197193
0.669, -56.2647, -59.394, 735.707, 0.019893, 0, -0.019893
0.67, -55.8356, -57.944, 731.944, 0.02006, 0, -0.02006
0.671, -54.5916, -59.0157, 729.895, 0.0202203, 0, -0.0202203
0.672, -55.0809, -57.5027, 727.859, 0.0203734, 0, -0.0203734
0.673, -53.0663, -59.3642, 724.139, 0.0205192, 0, -0.0205192
0.674, -53.6391, -56.93, 722.989, 0.0206572, 0, -0.0206572
0.675, -51.6971, -58.7204, 719.302, 0.0207873, 0, -0.0207873
0.676, -52.3611, -57.9143, 718.19, 0.0209092, 0, -0.0209092
0.677, -50.5072, -57.0728, 715.399, 0.0210225, 0, -0.0210225
0.678, -50.4069, -57.8896, 712.629, 0.0211271, 0, -0.0211271
0.679, -50.3479, -56.964, 711.585, 0.0212227, 0, -0.0212227
0.68, -48.6395, -56.8391, 708.016, 0.021309, 0, -0.021309
0.681, -47.8236, -56.6749, 707.026, 0.0213857, 0, -0.0213857
0.682, -48.7607, -56.4603, 704.363, 0.0214528, 0, -0.0214528
0.683, -47.1926, -56.1997, 702.582, 0.0215098, 0, -0.0215098
0.684, -46.5202, -55.8885, 700.834, 0.0215567, 0, -0.0215567
0.685, -45.0549, -56.3759, 697.416, 0.0215931, 0, -0.0215931
0.686, -47.0312, -55.1115, 697.437, 0.0216189, 0, -0.0216189
0.687, -43.9585, -54.648, 694.939, 0.0216339, 0, -0.0216339
0.688, -44.3323, -54.9759, 692.483, 0.0216379, 0, -0.0216379
0.689, -43.0593, -55.2507, 691.762, 0.0216306, 0, -0.0216306
0.69, -43.5292, -53.7691, 689.383, 0.021612, 0, -0.021612
0.691, -43.1984, -53.0771, 687.892, 0.0215819, 0, -0.0215819
0.692, -41.2167, -54.8871, 685.596, 0.02154, 0, -0.02154
0.693, -41.8327, -52.382, 685.042, 0.0214863, 0, -0.0214863
0.694, -39.9461, -52.3686, 682.832, 0.0214206, 0, -0.0214206
0.695, -41.5059, -53.1452, 682.368, 0.0213428, 0, -0.0213428
0.696, -38.8605, -52.1671, 679.399, 0.0212527, 0, -0.0212527
0.697, -38.8138, -51.1184, 679.027, 0.0211503, 0, -0.0211503
0.698, -39.6644, -51.7194, 677.004, 0.0210354, 0, -0.0210354
0.699, -37.1511, -50.5505, 676.73, 0.0209079, 0, -0.0209079
0.7, -38.0932, -51.0274, 673.952, 0.0207677, 0, -0.0207677
0.701, -37.3768, -49.735, 673.778, 0.0206148, 0, -0.0206148
0.702, -35.8468, -50.0811, 672.804, 0.0204491, 0, -0.0204491
0.703, -36.0649, -48.6695, 671.028, 0.0202706, 0, -0.0202706
0.704, -35.4775, -49.7416, 670.157, 0.0200791, 0, -0.0200791
0.705, -35.7744, -48.2019, 668.486, 0.0198746, 0, -0.0198746
0.706, -33.5621, -47.4476, 668.57, 0.0196572, 0, -0.0196572
0.707, -33.9358, -48.3379, 666.152, 0.0194268, 0, -0.0194268
0.708, -33.5069, -47.456, 666.344, 0.0191833, 0, -0.0191833
0.709, -33.0973, -46.5172, 664.883, 0.0189268, 0, -0.0189268
0.71, -32.7389, -47.2159, 664.327, 0.0186573, 0, -0.0186573
0.711, -31.5516, -45.3003, 663.827, 0.0183747, 0, -0.0183747
0.712, -31.2467, -45.8791, 661.677, 0.0180792, 0, -0.0180792
0.713, -30.9812, -44.692, 661.283, 0.0177707, 0, -0.0177707
0.714, -30.7358, -45.9956, 660.942, 0.0174493, 0, -0.0174493
0.715, -29.6725, -43.8403, 660.657, 0.017115, 0, -0.017115
0.716, -29.4871, -44.176, 658.722, 0.016768, 0, -0.016768
0.717, -29.3249, -43.6067, 658.546, 0.0164082, 0, -0.0164082
0.718, -28.3364, -42.9765, 658.42, 0.0160357, 0, -0.0160357
0.719, -27.3783, -43.1382, 656.65, 0.0156507, 0, -0.0156507
0.72, -28.9869, -42.4064, 657.485, 0.0152532, 0, -0.0152532
0.721, -26.3665, -42.4577, 655.823, 0.0148433, 0, -0.0148433
0.722, -26.3155, -41.6106, 655.065, 0.0144212, 0, -0.0144212
0.723, -26.2926, -41.5675, 655.212, 0.0139869, 0, -0.0139869
0.724, -26.2791, -41.4606, 654.561, 0.0135406, 0, -0.0135406
0.725, -24.5866, -39.6186, 653.965, 0.0130825, 0, -0.0130825
0.726, -25.4578, -41.122, 653.422, 0.0126126, 0, -0.0126126
0.727, -23.8001, -40.0304, 653.782, 0.0121311, 0, -0.0121311
0.728, -23.8546, -39.7354, 651.643, 0.0116382, 0, -0.0116382
0.729, -23.9207, -39.4155, 652.106, 0.011134, 0, -0.011134
0.73, -22.3023, -39.031, 652.626, 0.0106187, 0, -0.0106187
0.731, -22.399, -38.6201, 650.639, 0.0100926, 0, -0.0100926
0.732, -22.5037, -38.1652, 651.258, 0.00955566, 0, -0.00955566
0.733, -21.7723, -38.5226, 651.074, 0.00900823, 0, -0.00900823
0.734, -21.045, -37.9949, 650.09, 0.00845047, 0, -0.00845047
0.735, -20.3337, -38.2785, 650.004, 0.00788258, 0, -0.00788258
0.736, -19.6269, -35.9825, 649.962, 0.00730477, 0, -0.00730477
0.737, -20.6286, -37.9063, 649.971, 0.00671725, 0, -0.00671725
0.738, -19.0911, -37.2432, 649.168, 0.00612026, 0, -0.00612026
0.739, -18.4035, -35.7127, 649.264, 0.005514, 0, -0.005514
0.74, -18.5782, -37.5453, 648.55, 0.00489873, 0, -0.00489873
0.741, -17.0496, -35.113, 648.731, 0.00427466, 0, -0.00427466
0.742, -18.0796, -36.0462, 648.948, 0.00364205, 0, -0.00364205
0.743, -17.4166, -36.1167, 649.208, 0.00300114, 0, -0.00300114
0.744, -15.0458, -35.3195, 646.955, 0.00235218, 0, -0.00235218
0.745, -16.9351, -35.3434, 649.84, 0.00169542, 0, -0.00169542
0.746, -14.5676, -35.3601, 646.813, 0.00103112, 0, -0.00103112
0.747, -15.6053, -34.5086, 648.923, 0.000359541, 0, -0.000359541
0.748, -14.0895, -34.4965, 647.665, -0.000319049, 0, 0.000319049
0.749, -14.2732, -35.3199, 648.994, -0.00100438, 0, 0.00100438
0.75, -13.5988, -33.5781, 646.955, -0.00169619, 0, 0.00169619
0.751, -12.0721, -35.2402, 648.35, -0.0023942, 0, 0.0023942
0.752, -13.095, -33.4782, 648.926, -0.00309814, 0, 0.00309814
0.753, -11.5616, -34.2799, 647.831, -0.00380772, 0, 0.00380772
0.754, -11.72, -33.3662, 648.466, -0.00452267, 0, 0.00452267
0.755, -10.1754, -34.1579, 648.28, -0.0052427, 0, 0.0052427
0.756, -11.1695, -33.2445, 648.119, -0.00596754, 0, 0.00596754
0.757, -8.76691, -33.1906, 649.683, -0.00669689, 0, 0.00669689
0.758, -10.6029, -33.139, 648.72, -0.00743049, 0, 0.00743049
0.759, -7.32452, -33.9448, 648.629, -0.00816803, 0, 0.00816803
0.76, -9.14898, -32.2068, 649.41, -0.00890923, 0, 0.00890923
0.761, -7.5629, -33.8775, 650.206, -0.00965382, 0, 0.00965382
0.762, -6.81377, -32.1644, 650.172, -0.0104015, 0, 0.0104015
0.763, -6.06414, -33.0137, 649.301, -0.011152, 0, 0.011152
0.764, -6.14719, -32.1755, 650.994, -0.011905, 0, 0.011905
0.765, -6.22748, -33.0528, 651, -0.0126603, 0, 0.0126603
0.766, -3.74255, -31.4021, 651.014, -0.0134175, 0, 0.0134175
0.767, -4.653, -33.1639, 651.889, -0.0141764, 0, 0.0141764
0.768, -3.84276, -32.397, 651.919, -0.0149366, 0, 0.0149366
0.769, -3.03041, -30.806, 652.803, -0.015698, 0, 0.015698
0.77, -2.19606, -33.4827, 653.692, -0.0164603, 0, 0.0164603
0.771, -2.20571, -31.081, 652.88, -0.0172231, 0, 0.0172231
0.772, -1.34934, -31.2531, 653.769, -0.0179862, 0, 0.0179862
0.773, -0.478029, -32.305, 655.507, -0.0187493, 0, 0.0187493
0.774, -0.442503, -31.6749, 655.54, -0.0195122, 0, 0.0195122
0.775, 0.454173, -31.078, 655.567, -0.0202746, 0, 0.0202746
0.776, 1.37192, -32.2016, 657.287, -0.0210362, 0, 0.0210362
0.777, 2.29494, -30.8076, 656.446, -0.0217968, 0, 0.0217968
0.778, 1.53919, -31.1418, 658.998, -0.022556, 0, 0.022556
0.779, 2.49708, -30.6519, 658.132, -0.0233138, 0, 0.0233138
0.78, 4.31951, -31.0404, 660.655, -0.0240697, 0, 0.0240697
0.781, 3.59967, -31.4678, 659.757, -0.0248236, 0, 0.0248236
0.782, 4.6015, -30.2161, 661.394, -0.0255752, 0, 0.0255752
0.783, 5.61376, -30.6975, 662.157, -0.0263243, 0, 0.0263243
0.784, 5.7902, -31.2066, 663.746, -0.0270706, 0, 0.0270706
0.785, 5.98377, -30.0467, 663.611, -0.0278139, 0, 0.0278139
0.786, 7.8817, -29.769, 665.146, -0.028554, 0, 0.028554
0.787, 7.25144, -31.2203, 666.65, -0.0292907, 0, 0.0292907
0.788, 8.32728, -30.1596, 666.422, -0.0300237, 0, 0.0300237
0.789, 9.41553, -29.1249, 668.708, -0.0307528, 0, 0.0307528
0.79, 9.66599, -30.6839, 669.254, -0.0314779, 0, 0.0314779
0.791, 9.07852, -30.563, 670.612, -0.0321987, 0, 0.0321987
0.792, 11.9057, -28.7865, 671.929, -0.032915, 0, 0.032915
0.793, 10.4839, -30.435, 672.35, -0.0336267, 0, 0.0336267
0.794, 11.6349, -29.5701, 674.425, -0.0343335, 0, 0.0343335
0.795, 12.7893, -29.5876, 675.605, -0.0350353, 0, 0.0350353
0.796, 13.1118, -28.7821, 675.885, -0.0357319, 0, 0.0357319
0.797, 14.2912, -30.5648, 678.665, -0.036423, 0, 0.036423
0.798, 12.9291, -28.1219, 679.694, -0.0371087, 0, 0.0371087
0.799, 15.8359, -29.9624, 679.819, -0.0377886, 0, 0.0377886
0.8, 14.5039, -28.4322, 682.44, -0.0384627, 0, 0.0384627
0.801, 16.5769, -29.4804, 684.157, -0.0391307, 0, 0.0391307
0.802, 16.1185, -28.8552, 684.111, -0.0397926, 0, 0.0397926
0.803, 17.365, -29.1093, 687.413, -0.0404482, 0, 0.0404482
0.804, 16.9223, -28.5389, 687.247, -0.0410974, 0, 0.0410974
0.805, 18.1977, -28.846, 690.42, -0.04174, 0, 0.04174
0.806, 19.4689, -28.3245, 690.127, -0.042376, 0, 0.042376
0.807, 18.2023, -28.6837, 694.014, -0.0430051, 0, 0.0430051
0.808, 20.3465, -28.209, 693.582, -0.0436273, 0, 0.0436273
0.809, 19.09, -27.7625, 695.625, -0.0442425, 0, 0.0442425
0.81, 22.0897, -29.0295, 698.442, -0.0448507, 0, 0.0448507
0.811, 19.9971, -28.6166, 699.48, -0.0454515, 0, 0.0454515
0.812, 22.1544, -27.3648, 700.439, -0.0460451, 0, 0.0460451
0.813, 22.6151, -27.829, 703.863, -0.0466314, 0, 0.0466314
0.814, 21.3727, -29.1727, 703.804, -0.0472101, 0, 0.0472101
0.815, 24.3883, -27.1265, 706.206, -0.0477813, 0, 0.0477813
0.816, 23.1428, -28.4948, 708.521, -0.0483449, 0, 0.0483449
0.817, 23.6027, -27.3375, 709.044, -0.0489008, 0, 0.0489008
0.818, 24.9113, -28.737, 712.88, -0.0494491, 0, 0.0494491
0.819, 25.3618, -27.6095, 712.368, -0.0499895, 0, 0.0499895
0.82, 24.113, -28.1915, 716.014, -0.0505221, 0, 0.0505221
0.821, 27.1154, -27.9328, 717.014, -0.0510468, 0, 0.0510468
0.822, 25.0076, -27.6937, 718.77, -0.0515637, 0, 0.0515637
0.823, 27.1505, -27.4676, 721.277, -0.0520726, 0, 0.0520726
0.824, 27.5883, -28.9467, 722.838, -0.0525735, 0, 0.0525735
0.825, 26.3153, -27.0378, 724.298, -0.0530664, 0, 0.0530664
0.826, 28.4443, -28.5474, 726.511, -0.0535514, 0, 0.0535514
0.827, 28.0142, -27.5059, 727.774, -0.0540283, 0, 0.0540283
0.828, 29.276, -29.0287, 731.49, -0.0544972, 0, 0.0544972
0.829, 27.984, -27.1647, 730.85, -0.0549581, 0, 0.0549581
0.83, 30.085, -28.7015, 735.215, -0.0554109, 0, 0.0554109
0.831, 28.7685, -28.5552, 735.227, -0.0558557, 0, 0.0558557
0.832, 30.0025, -27.5571, 737.687, -0.0562925, 0, 0.0562925
0.833, 31.2275, -29.1271, 740.048, -0.0567213, 0, 0.0567213
0.834, 29.8823, -28.1419, 741.457, -0.0571421, 0, 0.0571421
0.835, 31.0942, -28.8665, 742.761, -0.057555, 0, 0.057555
0.836, 31.4323, -28.7405, 746.517, -0.0579599, 0, 0.0579599
0.837, 30.9165, -28.6237, 745.914, -0.0583569, 0, 0.0583569
0.838, 32.9413, -29.365, 750.317, -0.058746, 0, 0.058746
0.839, 31.5443, -30.1155, 749.509, -0.0591273, 0, 0.0591273
0.84, 31.8398, -28.319, 753.706, -0.0595007, 0, 0.0595007
0.841, 32.9674, -29.936, 754.397, -0.0598664, 0, 0.0598664
0.842, 33.2393, -29.8637, 755.838, -0.0602244, 0, 0.0602244
0.843, 32.6351, -29.7989, 758.027, -0.0605747, 0, 0.0605747
0.844, 33.7275, -30.596, 760.973, -0.0609174, 0, 0.0609174
0.845, 33.0959, -30.5558, 761.261, -0.0612525, 0, 0.0612525
0.846, 34.1568, -31.3739, 763.161, -0.0615801, 0, 0.0615801
0.847, 34.3484, -29.6611, 765.813, -0.0619002, 0, 0.0619002
0.848, 33.6799, -32.2087, 766.673, -0.062213, 0, 0.062213
0.849, 34.6949, -31.3742, 769.144, -0.0625184, 0, 0.0625184
0.85, 34.8409, -31.4076, 769.823, -0.0628166, 0, 0.0628166
0.851, 34.13, -32.3011, 772.969, -0.0631076, 0, 0.0631076
0.852, 35.9504, -32.3744, 774.331, -0.0633914, 0, 0.0633914
0.853, 34.3536, -32.4633, 774.759, -0.0636682, 0, 0.0636682
0.854, 36.15, -33.4169, 778.511, -0.0639381, 0, 0.0639381
0.855, 35.3724, -32.7001, 777.931, -0.0642011, 0, 0.0642011
0.856, 35.4381, -33.7002, 781.533, -0.0644572, 0, 0.0644572
0.857, 35.4832, -34.7367, 782.506, -0.0647067, 0, 0.0647067
0.858, 36.3691, -33.2248, 783.415, -0.0649495, 0, 0.0649495
0.859, 36.385, -35.1429, 786.804, -0.0651857, 0, 0.0651857
0.86, 36.3939, -35.3904, 786.726, -0.0654155, 0, 0.0654155
0.861, 35.5342, -34.8011, 788.289, -0.0656389, 0, 0.0656389
0.862, 37.2085, -35.9459, 791.492, -0.0658561, 0, 0.0658561
0.863, 37.1722, -36.2733, 792.094, -0.066067, 0, 0.066067
0.864, 36.2644, -35.7807, 794.339, -0.0662718, 0, 0.0662718
0.865, 37.0462, -37.8715, 794.836, -0.0664707, 0, 0.0664707
0.866, 37.8064, -37.4508, 796.992, -0.0666636, 0, 0.0666636
0.867, 36.01, -37.0527, 799.106, -0.0668507, 0, 0.0668507
0.868, 38.4444, -38.4076, 800.331, -0.0670322, 0, 0.0670322
0.869, 37.4641, -38.9392, 801.524, -0.067208, 0, 0.067208
0.87, 37.3269, -38.6631, 803.537, -0.0673783, 0, 0.0673783
0.871, 38.0189, -39.2797, 805.529, -0.0675432, 0, 0.0675432
0.872, 37.8529, -39.0827, 805.795, -0.0677028, 0, 0.0677028
0.873, 38.5199, -41.4769, 808.597, -0.0678572, 0, 0.0678572
0.874, 37.4802, -39.6687, 809.688, -0.0680066, 0, 0.0680066
0.875, 38.9782, -41.302, 811.617, -0.0681509, 0, 0.0681509
0.876, 38.763, -40.4241, 812.694, -0.0682904, 0, 0.0682904
0.877, 38.5391, -42.998, 815.47, -0.0684251, 0, 0.0684251
0.878, 39.1545, -41.3594, 814.848, -0.0685552, 0, 0.0685552
0.879, 38.9115, -42.3221, 818.484, -0.0686807, 0, 0.0686807
0.88, 38.6566, -43.3268, 819.582, -0.0688018, 0, 0.0688018
0.881, 40.0989, -42.6752, 820.695, -0.0689185, 0, 0.0689185
0.882, 39.8232, -44.623, 822.676, -0.0690311, 0, 0.0690311
0.883, 39.5554, -43.2131, 823.832, -0.0691395, 0, 0.0691395
0.884, 40.9668, -44.3974, 825.866, -0.069244, 0, 0.069244
0.885, 39.8319, -44.781, 827.928, -0.0693446, 0, 0.0693446
0.886, 40.388, -44.3578, 828.326, -0.0694414, 0, 0.0694414
0.887, 40.0907, -45.6829, 831.315, -0.0695346, 0, 0.0695346
0.888, 42.3444, -46.1947, 831.795, -0.0696243, 0, 0.0696243
0.889, 40.339, -45.9114, 834.021, -0.0697106, 0, 0.0697106
0.89, 41.742, -45.6605, 836.299, -0.0697935, 0, 0.0697935
0.891, 42.2869, -47.1644, 836.932, -0.0698733, 0, 0.0698733
0.892, 41.141, -46.149, 838.469, -0.06995, 0, 0.06995
0.893, 43.3931, -47.7372, 840.923, -0.0700238, 0, 0.0700238
0.894, 42.2515, -47.6589, 842.59, -0.0700948, 0, 0.0700948
0.895, 42.812, -47.6195, 843.474, -0.070163, 0, 0.070163
0.896, 43.3795, -47.6256, 846.135, -0.0702287, 0, 0.0702287
0.897, 43.9609, -48.5185, 847.17, -0.0702919, 0, 0.0702919
0.898, 43.6877, -48.5951, 849.135, -0.0703527, 0, 0.0703527
0.899, 44.28, -47.8638, 851.182, -0.0704113, 0, 0.0704113
0.9, 44.0331, -49.7103, 852.467, -0.0704678, 0, 0.0704678
0.901, 46.3484, -49.0557, 853.839, -0.0705223, 0, 0.0705223
0.902, 44.4225, -48.416, 856.154, -0.0705749, 0, 0.0705749
0.903, 46.7572, -50.3685, 857.713, -0.0706258, 0, 0.0706258
0.904, 45.7165, -48.9525, 859.368, -0.070675, 0, 0.070675
0.905, 46.3808, -50.1042, 861.971, -0.0707228, 0, 0.0707228
0.906, 47.9202, -50.4454, 862.125, -0.0707691, 0, 0.0707691
0.907, 46.9301, -49.0994, 864.93, -0.0708141, 0, 0.0708141
0.908, 47.6536, -51.1852, 866.991, -0.070858, 0, 0.070858
0.909, 49.2577, -49.0337, 868.303, -0.0709009, 0, 0.0709009
0.91, 49.1789, -51.1566, 869.724, -0.0709428, 0, 0.0709428
0.911, 49.1298, -50.7431, 872.1, -0.070984, 0, 0.070984
0.912, 49.9527, -49.4967, 872.888, -0.0710245, 0, 0.0710245
0.913, 51.6632, -51.6612, 876.333, -0.0710644, 0, 0.0710644
0.914, 49.9883, -49.5832, 876.488, -0.0711039, 0, 0.0711039
0.915, 52.6084, -50.9206, 879.308, -0.071143, 0, 0.071143
0.916, 51.839, -51.4089, 880.539, -0.071182, 0, 0.071182
0.917, 52.8092, -50.2061, 882.736, -0.0712209, 0, 0.0712209
0.918, 53.8101, -50.6987, 883.347, -0.0712598, 0, 0.0712598
0.919, 54.8298, -50.3559, 886.625, -0.0712989, 0, 0.0712989
0.92, 54.1825, -50.8448, 887.469, -0.0713383, 0, 0.0713383
0.921, 56.1189, -51.3453, 889.281, -0.071378, 0, 0.071378
0.922, 56.3836, -49.2766, 892.057, -0.0714183, 0, 0.0714183
0.923, 56.6803, -51.4647, 892.404, -0.0714591, 0, 0.0714591
0.924, 57.8648, -50.2373, 894.563, -0.0715008, 0, 0.0715008
0.925, 58.2421, -49.84, 896.84, -0.0715432, 0, 0.0715432
0.926, 59.5254, -51.1406, 898.377, -0.0715867, 0, 0.0715867
0.927, 60.0088, -49.8669, 899.174, -0.0716312, 0, 0.0716312
0.928, 60.5601, -49.4213, 902.629, -0.071677, 0, 0.071677
0.929, 62.0248, -50.6594, 901.942, -0.071724, 0, 0.071724
0.93, 61.8636, -49.3159, 905.611, -0.0717725, 0, 0.0717725
0.931, 64.3291, -50.4958, 905.98, -0.0718225, 0, 0.0718225
0.932, 63.4688, -49.9453, 908.148, -0.0718742, 0, 0.0718742
0.933, 65.248, -48.5107, 908.711, -0.0719276, 0, 0.0719276
0.934, 66.2344, -50.446, 910.22, -0.0719829, 0, 0.0719829
0.935, 66.4318, -48.942, 912.681, -0.0720401, 0, 0.0720401
0.936, 68.3665, -49.9596, 912.681, -0.0720994, 0, 0.0720994
0.937, 69.4788, -48.3923, 913.631, -0.0721609, 0, 0.0721609
0.938, 68.9122, -50.1886, 917.226, -0.0722246, 0, 0.0722246
0.939, 70.9017, -47.7101, 915.808, -0.0722908, 0, 0.0722908
0.94, 72.8987, -49.446, 918.736, -0.0723594, 0, 0.0723594
0.941, 71.4942, -48.6075, 920.05, -0.0724306, 0, 0.0724306
0.942, 74.3253, -48.5829, 922.304, -0.0725045, 0, 0.0725045
0.943, 74.6099, -47.6866, 922.09, -0.0725811, 0, 0.0725811
0.944, 76.5983, -46.7543, 925.361, -0.0726607, 0, 0.0726607
0.945, 76.0683, -48.3382, 927, -0.0727432, 0, 0.0727432
0.946, 77.2743, -46.4748, 927.86, -0.0728288, 0, 0.0728288
0.947, 79.3959, -46.2693, 930.484, -0.0729175, 0, 0.0729175
0.948, 80.7337, -46.0075, 932.319, -0.0730095, 0, 0.0730095
0.949, 81.6572, -45.4481, 931.487, -1.21329, 0.303714, 2.72149
0.95, 83.6686, -44.1507, 932.264, -1.72682, 0.432613, 3.88318
0.951, 85.646, -45.2848, 931.669, -2.11483, 0.528935, 4.76682
0.952, 87.7842, -43.754, 932.436, -3.42077, 0.855848, 7.73236
0.953, 89.6462, -43.9722, 931.747, -3.50445, 0.876011, 7.94122
0.954, 91.8338, -43.2883, 933.098, -3.82705, 0.956522, 8.69821
0.955, 93.5458, -43.8126, 929.085, -6.14599, 1.53145, 14.0044
0.956, 95.9415, -42.3795, 932.292, -5.6741, 1.41535, 12.9737
0.957, 97.808, -43.0177, 930.452, -6.30769, 1.57009, 14.465
0.958, 100.067, -42.1489, 931.523, -6.41835, 1.59761, 14.7706
0.959, 101.921, -43.2295, 927.771, -8.62932, 2.14008, 19.9232
0.96, 104.44, -42.3659, 930.48, -8.03855, 1.9948, 18.6338
0.961, 106.411, -42.6984, 927.792, -9.41444, 2.33151, 21.9038
0.962, 108.778, -42.4018, 928.246, -9.43465, 2.33602, 22.0431
0.963, 111.232, -41.9953, 928.308, -10.3493, 2.56132, 24.2869
0.964, 113.217, -42.2051, 924.987, -11.6108, 2.86999, 27.3629
0.965, 115.844, -42.4728, 925.949, -11.7652, 2.9067, 27.8624
0.966, 118.134, -41.919, 923.741, -13.2498, 3.27345, 31.5302
0.967, 120.857, -42.1011, 924.61, -13.4233, 3.31622, 32.1126
0.968, 123.12, -41.4911, 921.712, -14.8075, 3.65991, 35.6082
0.969, 125.788, -42.8832, 921.977, -14.8578, 3.66672, 35.9289
0.97, 128.49, -41.5833, 920.617, -16.6131, 4.1068, 40.411
0.971, 130.945, -41.5519, 918.566, -17.2326, 4.26216, 42.1649
0.972, 133.643, -42.1173, 917.618, -18.0745, 4.46808, 44.5003
0.973, 136.273, -42.6029, 915.602, -19.6666, 4.85824, 48.7305
0.974, 139.229, -41.3035, 915.288, -19.8536, 4.92044, 49.5293
0.975, 142.003, -42.3347, 914.165, -20.6865, 5.12167, 51.9618
0.976, 144.731, -42.1433, 911.862, -22.2924, 5.52285, 56.392
0.977, 147.226, -42.4652, 908.414, -23.6394, 5.85702, 60.2296
0.978, 150.824, -42.8602, 911.182, -23.5096, 5.83022, 60.3679
0.979, 153.049, -41.9974, 905.335, -25.384, 6.30868, 65.6734
0.98, 156.238, -43.3732, 905.593, -26.4922, 6.57273, 69.0884
0.981, 159.117, -42.5442, 903.219, -27.2624, 6.78491, 71.6816
0.982, 162.11, -43.7964, 902.227, -28.118, 6.98896, 74.5474
0.983, 164.966, -42.9729, 899.287, -29.6599, 7.39355, 79.31
0.984, 167.721, -43.6323, 896.568, -31.0694, 7.74258, 83.7979
0.985, 171.05, -44.2811, 896.885, -31.3039, 7.80582, 85.1896
0.986, 173.574, -43.9172, 892.448, -33.2447, 8.30518, 91.2811
0.987, 176.392, -44.9551, 890.377, -34.5742, 8.62727, 95.7908
0.988, 179.677, -44.5965, 890.07, -34.6043, 8.66362, 96.7775
0.989, 181.893, -45.0984, 885.002, -36.9055, 9.23534, 104.156
0.99, 185.046, -45.1958, 884.524, -37.5176, 9.40556, 106.882
0.991, 187.271, -46.0358, 880.232, -38.8296, 9.72603, 111.649
0.992, 190.335, -45.716, 879.483, -40.0386, 10.056, 116.209
0.993, 192.265, -46.8994, 874.651, -41.7293, 10.4543, 122.229
0.994, 195.18, -46.4979, 873.641, -41.7629, 10.5024, 123.502
0.995, 197.454, -46.9123, 870.606, -43.607, 10.9647, 130.133
0.996, 199.128, -47.2353, 865.22, -45.6068, 11.4644, 137.339
0.997, 201.916, -47.9432, 865.181, -45.2146, 11.3688, 137.423
0.998, 203.323, -47.8623, 859.203, -47.5873, 11.9738, 145.924
0.999, 205.596, -48.5243, 857.705, -48.1689, 12.1135, 149.02
1, 206.821, -48.402, 851.763, -50.1433, 12.6223, 156.485
1.001, 209.09, -48.6872, 850.733, -50.4974, 12.7238, 158.961
1.002, 210.093, -49.1809, 845.101, -52.0181, 13.0875, 165.12
1.003, 212.069, -49.4422, 843.706, -52.7007, 13.2661, 168.664
1.004, 212.291, -49.5081, 835.579, -54.9162, 13.8133, 177.167
1.005, 214.013, -49.6983, 833.791, -55.1208, 13.8781, 179.257
1.006, 214.891, -49.8536, 829.284, -56.938, 14.3274, 186.552
1.007, 215.929, -50.526, 825.717, -57.1186, 14.3436, 188.58
1.008, 215.91, -49.9713, 817.997, -59.5619, 14.9852, 198.097
1.009, 217.266, -50.4018, 816.378, -59.886, 15.0549, 200.594
1.01, 217.479, -50.6535, 810.432, -60.7034, 15.2418, 204.805
1.011, 217.862, -50.4389, 805.503, -62.4685, 15.7009, 212.181
1.012, 217.604, -50.8771, 798.55, -63.5332, 15.9182, 217.274
1.013, 218.246, -50.4164, 794.96, -64.5869, 16.2371, 222.342
1.014, 218.461, -50.8934, 790.343, -65.174, 16.3408, 225.826
1.015, 217.874, -50.5033, 782.635, -66.618, 16.7264, 232.348
1.016, 217.97, -50.7287, 778.124, -67.8771, 17.0138, 238.169
1.017, 217.607, -50.5952, 771.707, -68.65, 17.2147, 242.439
1.018, 217.008, -50.4477, 764.784, -70.0403, 17.562, 248.874
1.019, 217.22, -50.4085, 760.933, -70.5386, 17.7017, 252.182
1.02, 216.105, -50.4061, 752.588, -72.2751, 18.0977, 259.94
1.021, 216.14, -50.1064, 748.162, -72.6366, 18.2403, 262.887
1.022, 214.826, -49.8335, 739.222, -74.2284, 18.6362, 270.306
1.023, 214.865, -49.9719, 735.305, -74.6605, 18.732, 273.515
1.024, 213.566, -49.4965, 726.588, -76.3616, 19.1895, 281.485
1.025, 212.412, -49.2281, 718.451, -77.4011, 19.4579, 287.142
1.026, 212.298, -49.3217, 714.223, -77.8461, 19.561, 290.558
1.027, 211.262, -48.892, 706.694, -79.1339, 19.9278, 297.243
1.028, 210.038, -48.6119, 698.621, -80.3061, 20.2323, 303.596
1.029, 209.08, -48.3643, 691.442, -80.9755, 20.4217, 308.177
1.03, 207.948, -48.1139, 683.973, -82.3983, 20.7851, 315.579
1.031, 206.86, -47.6697, 676.374, -83.1086, 21.029, 320.534
1.032, 205.468, -47.2036, 667.983, -84.4583, 21.4197, 327.965
1.033, 204.898, -47.3637, 662.621, -85.0297, 21.5053, 332.353
1.034, 203.013, -46.4704, 652.305, -86.0875, 21.9214, 339.122
1.035, 202.528, -46.4959, 647.38, -86.942, 22.1161, 344.747
1.036, 199.993, -45.8247, 635.265, -88.4049, 22.5303, 353.291
1.037, 199.71, -45.7188, 630.939, -88.813, 22.6729, 357.444
1.038, 197.586, -45.1329, 620.435, -90.037, 23.0377, 365.216
1.039, 196.079, -44.6777, 612.139, -91.1289, 23.3765, 372.473
1.04, 195.444, -44.5085, 606.791, -91.4925, 23.5082, 376.779
1.041, 193.057, -43.763, 595.673, -92.7534, 23.9346, 385.155
1.042, 191.17, -43.3799, 586.464, -93.7731, 24.1961, 392.472
1.043, 189.922, -42.9966, 579.448, -94.6713, 24.4967, 399.298
1.044, 188.238, -42.5197, 570.922, -95.2397, 24.7181, 405.086
1.045, 186.591, -42.0695, 562.735, -95.9362, 24.9627, 411.395
1.046, 183.981, -41.4558, 551.744, -97.4661, 25.3846, 421.362
1.047, 182.667, -41.0732, 544.804, -97.8303, 25.5587, 426.439
1.048, 180.268, -40.3992, 534.623, -98.8983, 25.9396, 434.768
1.049, 178.806, -40.1093, 527.525, -99.2911, 26.0413, 440.025
1.05, 175.734, -39.3294, 515.606, -100.709, 26.4843, 450.118
1.051, 174.751, -38.9489, 510.174, -100.888, 26.6839, 454.593
1.052, 171.527, -38.2564, 498.168, -102.313, 27.0422, 464.805
1.053, 169.662, -37.8128, 490.291, -102.618, 27.1675, 470.059
1.054, 167.453, -37.3277, 481.672, -103.502, 27.4022, 477.773
1.055, 164.397, -36.5008, 470.489, -104.463, 27.8087, 486.374
1.056, 162.459, -36.0753, 462.876, -104.916, 27.939, 492.278
1.057, 160.046, -35.4872, 454.039, -105.812, 28.2436, 500.279
1.058, 156.795, -34.7399, 442.793, -106.796, 28.5393, 509.016
1.059, 154.697, -34.3787, 435.161, -107.296, 28.5442, 515.014
1.06, 152.071, -33.6267, 426.032, -108.194, 29.022, 523.387
1.061, 148.953, -32.9905, 415.53, -108.658, 29.0706, 529.76
1.062, 146.363, -32.4161, 406.904, -109.725, 29.3568, 538.538
1.063, 144.026, -31.8849, 399.005, -110.254, 29.5288, 544.918
1.064, 140.303, -31.0869, 387.216, -111.169, 29.7199, 553.519
1.065, 137.418, -30.4049, 378.033, -112.136, 30.0654, 562.094
1.066, 135.943, -30.1859, 372.891, -112.03, 29.839, 564.962
1.067, 131.021, -28.9909, 358.091, -113.647, 30.4841, 577.519
1.068, 129.701, -28.8083, 353.654, -113.833, 30.2946, 581.447
1.069, 125.959, -28.0304, 342.486, -115.07, 30.4736, 591.288
1.07, 123.51, -27.3589, 334.816, -115.123, 30.8772, 595.968
1.071, 120.268, -26.7914, 325.267, -116.15, 30.7098, 604.256
1.072, 116.776, -26.0191, 315.005, -117.003, 30.9251, 612.445
1.073, 114.597, -25.5313, 308.496, -117.544, 31.1233, 618.617
1.074, 111.596, -24.915, 299.745, -118.177, 31.1286, 625.361
1.075, 108.104, -24.1999, 289.779, -119.254, 31.1749, 634.211
1.076, 105.38, -23.5618, 281.842, -119.465, 31.4176, 639.362
1.077, 102.36, -22.9459, 273.29, -120.304, 31.4095, 646.869
1.078, 99.856, -22.4407, 266.181, -120.883, 31.3529, 652.963
1.079, 96.5868, -21.7334, 257.018, -121.621, 31.4538, 660.303
1.08, 94.0813, -21.1934, 250.015, -122.342, 31.5887, 667.212
1.081, 91.0398, -20.5339, 241.507, -122.601, 31.5854, 672.266
1.082, 87.9133, -19.8929, 232.946, -123.701, 31.5069, 680.805
1.083, 84.9904, -19.2305, 224.894, -124.221, 31.7504, 687.176
1.084, 83.2927, -18.9217, 220.199, -124.341, 31.3305, 690.217
1.085, 79.9058, -18.1322, 211.011, -125.39, 31.8531, 699.491
1.086, 76.6338, -17.4212, 202.103, -125.787, 31.7855, 705.117
1.087, 75.1945, -17.1611, 198.256, -126.383, 31.401, 709.966
1.088, 71.2124, -16.2647, 187.505, -127.056, 31.5261, 717.499
1.089, 69.9822, -15.9738, 184.196, -127.159, 31.8226, 721.027
1.09, 66.1936, -15.1408, 174.067, -128.18, 31.7493, 729.7
1.091, 64.7433, -14.8436, 170.196, -128.206, 31.4382, 732.151
1.092, 61.5071, -14.1061, 161.588, -129.078, 31.6416, 740.217
1.093, 59.898, -13.7487, 157.308, -129.097, 31.5787, 743.132
1.094, 56.5637, -12.9872, 148.477, -130.019, 31.7634, 751.481
1.095, 55.4382, -12.7347, 145.502, -129.819, 31.7046, 753.145
1.096, 51.8241, -11.9248, 135.94, -130.614, 31.4755, 760.579
1.097, 50.8967, -11.6964, 133.537, -130.765, 31.8245, 764.275
1.098, 47.7629, -10.9893, 125.266, -131.338, 31.5857, 770.466
1.099, 45.7888, -10.5256, 120.074, -131.443, 31.7781, 774.45
1.1, 44.0773, -10.1337, 115.61, -131.891, 31.6823, 779.432
1.101, 41.7949, -9.58815, 109.6, -131.842, 32.1901, 783.432
1.102, 39.9406, -9.17482, 104.762, -132.296, 31.6415, 787.98
1.103, 37.7807, -8.65658, 99.1015, -132.524, 32.2182, 793.373
1.104, 35.4949, -8.13382, 93.1071, -132.706, 31.9204, 797.422
1.105, 34.7134, -7.93735, 91.1119, -132.762, 32.2778, 800.887
1.106, 31.6411, -7.22694, 83.038, -133.161, 32.288, 807.056
1.107, 30.5956, -6.98206, 80.335, -133.111, 32.119, 809.568
1.108, 29.176, -6.63588, 76.6291, -132.769, 32.78, 812.254
1.109, 26.8676, -6.0998, 70.5916, -133.304, 32.9231, 818.988
1.11, 24.9371, -5.65645, 65.5412, -133.462, 32.5675, 823.052
1.111, 24.2494, -5.49266, 63.7778, -133.221, 32.3793, 824.697
1.112, 22.3565, -5.03405, 58.8115, -132.715, 34.0532, 828.71
1.113, 20.1274, -4.53796, 52.9794, -133.643, 32.5569, 835.306
1.114, 19.4813, -4.37433, 51.3091, -132.832, 33.4141, 836.054
1.115, 17.9666, -4.02306, 47.3507, -132.918, 33.614, 840.805
1.116, 15.5598, -3.47554, 41.0211, -133.043, 33.6226, 846.239
1.117, 15.5554, -3.46293, 41.0475, -132.234, 34.0748, 846.181
1.118, 13.2717, -2.94631, 35.0416, -132.613, 34.1239, 853.023
1.119, 12.4406, -2.75304, 32.8707, -131.965, 34.4251, 854.333
1.12, 10.88, -2.40306, 28.773, -132.345, 33.9488, 860.141
1.121, 9.10089, -2.00185, 24.0796, -131.722, 34.7127, 863.145
1.122, 8.93359, -1.95769, 23.6634, -131.07, 35.1864, 864.442
1.123, 7.66793, -1.67684, 20.3298, -131.077, 34.7235, 868.657
1.124, 5.85106, -1.27411, 15.5234, -130.584, 35.5464, 872.66
1.125, 4.45361, -0.966402, 11.8277, -130.569, 35.7696, 878.109
1.126, 4.85315, -1.05144, 12.906, -129.849, 34.8937, 877.088
1.127, 2.14, -0.461179, 5.69421, -129.46, 36.3242, 883.519
1.128, 0.999958, 6.93202e-310, 0.992739, -127.146, 36.36, 890.985
1.129, 0.999963, 6.93202e-310, 0.99274, -127.86, 35.2665, 891.065
1.13, 0.999968, 6.93202e-310, 0.992742, -127.773, 36.73, 891.999
1.131, 0.999973, 6.93202e-310, 0.992744, -129.415, 37.3335, 892.087
1.132, 0.999977, 6.93202e-310, 0.992746, -128.555, 37.1032, 893.881
1.133, 0.999982, 6.93202e-310, 0.992749, -130.271, 38.5688, 892.274
1.134, 0.999985, 6.93202e-310, 0.992753, -128.618, 37.487, 894.925
1.135, 0.999988, 6.93202e-310, 0.992757, -130.401, 39.8089, 894.173
1.136, 0.999991, 6.93202e-310, 0.992761, -130.508, 38.7369, 896.828
1.137, 0.999994, 6.93202e-310, 0.992766, -129.785, 40.2118, 895.227
1.138, 0.999996, 6.93202e-310, 0.992771, -130.793, 39.1425, 897.031
1.139, 0.999998, 6.93202e-310, 0.992777, -130.109, 40.6285, 898.835
1.14, 0.999999, 6.93202e-310, 0.992783, -131.156, 41.2614, 897.233
1.141, 1, 6.93202e-310, 0.992789, -129.655, 41.0529, 899.884
1.142, 1, 6.93202e-310, 0.992796, -130.728, 40.8398, 899.982
1.143, 1, 6.93202e-310, 0.992803, -129.253, 42.3371, 900.922
1.144, 0.999999, 6.93202e-310, 0.992811, -131.183, 41.2836, 901.012
1.145, 0.999999, 6.93202e-310, 0.992819, -128.868, 42.7866, 901.945
1.146, 0.999997, 6.93202e-310, 0.992827, -129.941, 42.5965, 902.874
1.147, 0.999996, 6.93202e-310, 0.992835, -129.305, 42.4061, 903.796
1.148, 0.999994, 6.93202e-310, 0.992844, -128.655, 43.9362, 903.861
1.149, 0.999991, 6.93202e-310, 0.992853, -128.833, 42.9116, 904.767
1.15, 0.999988, 6.93202e-310, 0.992862, -127.277, 43.6045, 904.814
1.151, 0.999985, 6.93202e-310, 0.992871, -129.099, 43.4569, 906.554
1.152, 0.999981, 6.93202e-310, 0.992881, -126.628, 44.1672, 906.582
1.153, 0.999977, 6.93202e-310, 0.99289, -126.665, 44.0442, 907.45
1.154, 0.999973, 6.93202e-310, 0.9929, -125.814, 44.7665, 908.31
1.155, 0.999968, 6.93202e-310, 0.99291, -126.62, 43.8068, 907.454
1.156, 0.999963, 6.93202e-310, 0.99292, -124.835, 43.6856, 909.991
1.157, 0.999957, 6.93202e-310, 0.992931, -125.568, 45.2713, 909.112
1.158, 0.999951, 6.93202e-310, 0.992941, -122.855, 44.2911, 909.923
1.159, 0.999945, 6.93202e-310, 0.992951, -124.366, 45.0095, 909.869
1.16, 0.999939, 6.93202e-310, 0.992962, -122.438, 44.0078, 910.653
1.161, 0.999932, 6.93202e-310, 0.992972, -123.033, 45.5457, 911.421
1.162, 0.999925, 6.93202e-310, 0.992983, -121.04, 45.3617, 909.625
1.163, 0.999917, 6.93202e-310, 0.992994, -120.726, 45.1571, 911.211
1.164, 0.99991, 6.93202e-310, 0.993004, -119.517, 45.7952, 910.232
1.165, 0.999902, 6.93202e-310, 0.993015, -119.96, 46.4141, 910.935
1.166, 0.999893, 6.93202e-310, 0.993025, -118.648, 46.1779, 909.067
1.167, 0.999885, 6.93202e-310, 0.993036, -117.263, 45.9462, 908.883
1.168, 0.999877, 6.93202e-310, 0.993046, -117.497, 47.4165, 910.381
1.169, 0.999868, 6.93202e-310, 0.993057, -115.945, 47.2098, 907.603
1.17, 0.999859, 6.93202e-310, 0.993067, -115.14, 47.0077, 907.353
1.171, 0.99985, 6.93202e-310, 0.993077, -115.082, 47.6959, 908.783
1.172, 0.99984, 6.93202e-310, 0.993087, -114.041, 48.4056, 905.937
1.173, 0.999831, 6.93202e-310, 0.993097, -112.032, 47.4512, 906.467
1.174, 0.999821, 6.93202e-310, 0.993107, -112.445, 47.3814, 906.976
1.175, 0.999812, 6.93202e-310, 0.993117, -111.886, 48.1855, 904.904
1.176, 0.999802, 6.93202e-310, 0.993127, -110.363, 48.1841, 905.358
1.177, 0.999792, 6.93202e-310, 0.993136, -109.575, 47.337, 904.083
1.178, 0.999783, 6.93202e-310, 0.993145, -109.53, 48.2303, 904.482
1.179, 0.999773, 6.93202e-310, 0.993155, -107.687, 47.4299, 904.001
1.18, 0.999763, 6.93202e-310, 0.993164, -107.447, 46.6479, 901.795
1.181, 0.999753, 6.93202e-310, 0.993172, -107.11, 48.429, 902.961
1.182, 0.999743, 6.93202e-310, 0.993181, -104.993, 46.818, 901.547
1.183, 0.999733, 6.93202e-310, 0.993189, -105.347, 46.9151, 900.104
1.184, 0.999723, 6.93202e-310, 0.993197, -104.763, 47.0213, 898.636
1.185, 0.999713, 6.93202e-310, 0.993205, -103.25, 47.1345, 899.688
1.186, 0.999704, 6.93202e-310, 0.993213, -102.497, 47.2556, 896.464
1.187, 0.999694, 6.93202e-310, 0.993221, -101.66, 46.5424, 895.763
1.188, 0.999684, 6.93202e-310, 0.993228, -101.582, 46.6975, 894.182
1.189, 0.999675, 6.93202e-310, 0.993235, -99.7139, 46.8586, 893.429
1.19, 0.999665, 6.93202e-310, 0.993242, -99.4549, 47.0412, 890.944
1.191, 0.999656, 6.93202e-310, 0.993248, -99.0988, 46.3916, 890.136
1.192, 0.999647, 6.93202e-310, 0.993255, -96.9512, 46.6187, 887.598
1.193, 0.999638, 6.93202e-310, 0.993261, -97.257, 46.8569, 886.734
1.194, 0.999629, 6.93202e-310, 0.993267, -95.7679, 46.2794, 884.994
1.195, 0.999621, 6.93202e-310, 0.993272, -95.8911, 46.5652, 882.372
1.196, 0.999612, 6.93202e-310, 0.993278, -95.0651, 46.8804, 880.573
1.197, 0.999604, 6.93202e-310, 0.993283, -92.4561, 46.3641, 879.597
1.198, 0.999596, 6.93202e-310, 0.993288, -94.0084, 46.7323, 876.04
1.199, 0.999588, 6.93202e-310, 0.993292, -91.2297, 45.416, 874.151
1.2, 0.99958, 6.93202e-310, 0.993297, -91.7618, 47.5279, 873.086
1.201, 0.999573, 6.93202e-310, 0.993301, -89.6703, 46.2669, 870.29
1.202, 0.999566, 6.93202e-310, 0.993305, -90.8954, 45.8825, 867.463
1.203, 0.999559, 6.93202e-310, 0.993308, -87.7976, 46.3678, 865.458
1.204, 0.999552, 6.93202e-310, 0.993312, -88.8784, 46.8893, 863.42
1.205, 0.999545, 6.93202e-310, 0.993315, -87.3348, 45.7367, 860.511
1.206, 0.999539, 6.93202e-310, 0.993318, -85.7163, 47.1618, 857.567
1.207, 0.999533, 6.93202e-310, 0.993321, -86.587, 45.2195, 856.303
1.208, 0.999527, 6.93202e-310, 0.993324, -83.9856, 47.5526, 852.459
1.209, 0.999522, 6.93202e-310, 0.993326, -84.721, 45.6797, 850.293
1.21, 0.999517, 6.93202e-310, 0.993328, -82.8475, 46.3734, 848.103
1.211, 0.999512, 6.93202e-310, 0.99333, -82.6013, 46.2632, 844.19
1.212, 0.999507, 6.93202e-310, 0.993332, -82.3103, 47.036, 841.96
1.213, 0.999502, 6.93202e-310, 0.993334, -80.2491, 46.1378, 838.856
1.214, 0.999498, 6.93202e-310, 0.993335, -79.8441, 46.1217, 836.585
1.215, 0.999494, 6.93202e-310, 0.993337, -80.2296, 47.0063, 833.447
1.216, 0.99949, 6.93202e-310, 0.993338, -78.0185, 46.2107, 831.14
1.217, 0.999487, 6.93202e-310, 0.993339, -78.3113, 46.3088, 826.266
1.218, 0.999484, 6.93202e-310, 0.99334, -76.8628, 46.4419, 825.628
1.219, 0.999481, 6.93202e-310, 0.993341, -76.2165, 46.6097, 820.723
1.22, 0.999478, 6.93202e-310, 0.993341, -76.3898, 46.8173, 819.206
1.221, 0.999475, 6.93202e-310, 0.993342, -73.9711, 46.2021, 815.121
1.222, 0.999473, 6.93202e-310, 0.993343, -74.075, 46.4876, 812.723
1.223, 0.999471, 6.93202e-310, 0.993343, -73.2978, 46.7968, 808.614
1.224, 0.999469, 6.93202e-310, 0.993344, -72.4982, 46.295, 807.042
1.225, 0.999467, 6.93202e-310, 0.993344, -71.6655, 45.8279, 802.907
1.226, 0.999466, 6.93202e-310, 0.993344, -70.8238, 47.9547, 799.609
1.227, 0.999465, 6.93202e-310, 0.993345, -69.9566, 45.8546, 797.155
1.228, 0.999464, 6.93202e-310, 0.993345, -69.9313, 46.3444, 793.839
1.229, 0.999463, 6.93202e-310, 0.993345, -69.0336, 46.026, 790.512
1.23, 0.999462, 6.93202e-310, 0.993346, -68.1387, 47.4297, 788.03
1.231, 0.999462, 6.93202e-310, 0.993346, -66.3754, 45.4711, 784.689
1.232, 0.999462, 6.93202e-310, 0.993347, -67.1732, 46.9538, 780.488
1.233, 0.999462, 6.93202e-310, 0.993348, -65.4019, 45.9119, 778.839
1.234, 0.999462, 6.93202e-310, 0.993348, -65.3491, 45.7532, 774.629
1.235, 0.999462, 6.93202e-310, 0.993349, -64.4365, 46.4786, 772.119
1.236, 0.999462, 6.93202e-310, 0.99335, -62.6898, 46.3873, 768.757
1.237, 0.999463, 6.93202e-310, 0.993351, -63.4951, 45.4742, 766.242
1.238, 0.999464, 6.93202e-310, 0.993352, -62.6185, 46.2907, 762.878
1.239, 0.999464, 6.93202e-310, 0.993354, -60.8955, 45.4328, 758.667
1.24, 0.999465, 6.93202e-310, 0.993355, -60.0504, 46.3139, 757.86
1.241, 0.999466, 6.93202e-310, 0.993357, -60.9087, 44.6626, 752.803
1.242, 0.999467, 6.93202e-310, 0.993359, -59.2525, 45.5906, 751.153
1.243, 0.999469, 6.93202e-310, 0.993361, -57.6024, 45.6939, 746.96
1.244, 0.99947, 6.93202e-310, 0.993364, -58.5428, 44.9779, 745.323
1.245, 0.999471, 6.93202e-310, 0.993367, -56.9488, 44.2732, 741.144
1.246, 0.999473, 6.93202e-310, 0.99337, -56.2396, 45.3016, 738.675
1.247, 0.999474, 6.93202e-310, 0.993373, -55.5595, 45.4918, 736.213
1.248, 0.999476, 6.93202e-310, 0.993377, -55.7641, 43.1536, 732.915
1.249, 0.999477, 6.93202e-310, 0.993381, -53.45, 45.0889, 729.624
1.25, 0.999479, 6.93202e-310, 0.993385, -53.7319, 43.632, 727.199
1.251, 0.99948, 6.93202e-310, 0.99339, -53.1944, 43.8936, 724.783
1.252, 0.999482, 6.93202e-310, 0.993395, -52.7003, 43.3215, 722.382
1.253, 0.999484, 6.93202e-310, 0.993401, -50.5542, 44.4575, 717.443
1.254, 0.999486, 6.93202e-310, 0.993406, -50.9935, 42.2045, 716.771
1.255, 0.999487, 6.93202e-310, 0.993413, -50.6369, 43.3642, 713.564
1.256, 0.999489, 6.93202e-310, 0.99342, -49.4697, 43.6781, 710.37
1.257, 0.999491, 6.93202e-310, 0.993427, -48.3495, 41.4488, 708.896
1.258, 0.999492, 6.93202e-310, 0.993435, -48.9881, 42.6267, 704.888
1.259, 0.999494, 6.93202e-310, 0.993443, -46.257, 42.108, 703.45
1.26, 0.999495, 6.93202e-310, 0.993451, -47.8465, 41.5936, 699.479
1.261, 0.999497, 6.93202e-310, 0.993461, -46.0708, 41.0739, 698.931
1.262, 0.999499, 6.93202e-310, 0.99347, -45.2022, 42.2606, 695.001
1.263, 0.9995, 6.93202e-310, 0.993481, -44.3845, 40.0435, 692.791
1.264, 0.999501, 6.93202e-310, 0.993491, -44.47, 41.2251, 690.608
1.265, 0.999503, 6.93202e-310, 0.993503, -43.7569, 39.8472, 688.444
1.266, 0.999504, 6.93202e-310, 0.993515, -43.1, 41.0192, 685.453
1.267, 0.999505, 6.93202e-310, 0.993527, -42.4926, 39.6333, 684.19
1.268, 0.999506, 6.93202e-310, 0.993541, -41.0962, 39.0833, 680.395
1.269, 0.999507, 6.93202e-310, 0.993554, -41.4477, 40.2299, 680.033
1.27, 0.999508, 6.93202e-310, 0.993569, -40.1612, 37.9614, 676.289
1.271, 0.999509, 6.93202e-310, 0.993584, -38.9234, 39.0832, 675.126
1.272, 0.99951, 6.93202e-310, 0.993599, -40.3011, 38.4845, 672.288
1.273, 0.999511, 6.93202e-310, 0.993616, -38.3252, 38.7277, 670.324
1.274, 0.999511, 6.93202e-310, 0.993632, -38.1116, 37.2533, 669.242
1.275, 0.999512, 6.93202e-310, 0.99365, -37.0997, 37.4595, 666.483
1.276, 0.999512, 6.93202e-310, 0.993668, -36.1435, 37.6453, 663.751
1.277, 0.999512, 6.93202e-310, 0.993687, -36.9423, 36.9696, 663.597
1.278, 0.999512, 6.93202e-310, 0.993707, -35.2506, 37.114, 660.07
1.279, 0.999512, 6.93202e-310, 0.993727, -35.3032, 35.5436, 659.121
1.28, 0.999512, 6.93202e-310, 0.993748, -33.7179, 37.3493, 657.347
1.281, 0.999512, 6.93202e-310, 0.99377, -34.7293, 34.8851, 654.753
1.282, 0.999512, 6.93202e-310, 0.993792, -33.2424, 35.7934, 653.886
1.283, 0.999511, 6.93202e-310, 0.993815, -31.8068, 35.8304, 651.344
1.284, 0.99951, 6.93202e-310, 0.993839, -32.9725, 34.9913, 650.532
1.285, 0.99951, 6.93202e-310, 0.993863, -31.6334, 34.9791, 648.897
1.286, 0.999509, 6.93202e-310, 0.993889, -30.3407, 34.9397, 646.44
1.287, 0.999508, 6.93202e-310, 0.993914, -31.6456, 34.0257, 645.711
1.288, 0.999506, 6.93202e-310, 0.993941, -28.7451, 33.9361, 643.309
1.289, 0.999505, 6.93202e-310, 0.993968, -30.1353, 34.6645, 642.638
1.29, 0.999503, 6.93202e-310, 0.993996, -29.0188, 32.8225, 641.146
1.291, 0.999502, 6.93202e-310, 0.994025, -27.9447, 34.353, 639.681
1.292, 0.9995, 6.93202e-310, 0.994054, -28.6043, 32.4485, 638.246
1.293, 0.999498, 6.93202e-310, 0.994084, -27.6045, 33.9194, 636.842
1.294, 0.999496, 6.93202e-310, 0.994115, -25.7889, 31.9635, 634.615
1.295, 0.999494, 6.93202e-310, 0.994146, -27.4136, 33.3781, 634.971
1.296, 0.999491, 6.93202e-310, 0.994178, -25.6686, 31.3597, 633.654
1.297, 0.999489, 6.93202e-310, 0.994211, -24.8045, 33.5684, 630.666
1.298, 0.999486, 6.93202e-310, 0.994245, -25.6766, 31.4857, 631.113
1.299, 0.999483, 6.93202e-310, 0.994279, -24.0229, 31.9325, 629.888
1.3, 0.99948, 6.93202e-310, 0.994313, -24.1073, 31.4976, 627.84
1.301, 0.999477, 6.93202e-310, 0.994349, -23.3553, 31.876, 627.528
1.302, 0.999473, 6.93202e-310, 0.994385, -23.4955, 31.3824, 626.392
1.303, 0.99947, 6.93202e-310, 0.994421, -21.9487, 31.7015, 625.286
1.304, 0.999466, 6.93202e-310, 0.994458, -22.1278, 30.2911, 624.215
1.305, 0.999462, 6.93202e-310, 0.994496, -22.3339, 31.402, 623.17
1.306, 0.999458, 6.93202e-310, 0.994535, -19.999, 31.6294, 623.006
1.307, 0.999454, 6.93202e-310, 0.994574, -21.9436, 30.1303, 622.024
1.308, 0.99945, 6.93202e-310, 0.994613, -19.6428, 30.2969, 620.218
1.309, 0.999446, 6.93202e-310, 0.994654, -19.917, 30.4374, 619.297
1.31, 0.999441, 6.93202e-310, 0.994694, -19.3445, 31.4025, 620.102
1.311, 0.999436, 6.93202e-310, 0.994735, -19.6391, 29.7777, 618.387
1.312, 0.999432, 6.93202e-310, 0.994777, -17.3882, 29.8389, 617.555
1.313, 0.999427, 6.93202e-310, 0.994819, -18.5498, 30.709, 617.6
1.314, 0.999422, 6.93202e-310, 0.994862, -18.0131, 29.859, 615.973
1.315, 0.999416, 6.93202e-310, 0.994905, -16.6325, 29.8331, 616.076
1.316, 0.999411, 6.93202e-310, 0.994949, -16.9514, 29.7785, 614.51
1.317, 0.999405, 6.93202e-310, 0.994993, -16.4273, 30.5483, 615.52
1.318, 0.9994, 6.93202e-310, 0.995038, -15.8978, 29.5899, 614.011
1.319, 0.999394, 6.93202e-310, 0.995083, -15.3706, 29.4644, 614.229
1.32, 0.999388, 6.93202e-310, 0.995128, -14.8433, 29.3076, 612.775
1.321, 0.999382, 6.93202e-310, 0.995174, -14.3032, 29.9784, 613.051
1.322, 0.999376, 6.93202e-310, 0.99522, -14.6188, 29.7765, 612.505
1.323, 0.99937, 6.93202e-310, 0.995267, -14.0654, 29.5518, 611.986
1.324, 0.999364, 6.93202e-310, 0.995313, -12.6661, 29.302, 611.498
1.325, 0.999357, 6.93202e-310, 0.99536, -12.9484, 29.8878, 611.885
1.326, 0.999351, 6.93202e-310, 0.995408, -13.2295, 29.5867, 611.454
1.327, 0.999344, 6.93202e-310, 0.995456, -10.9345, 29.2775, 611.9
1.328, 0.999338, 6.93202e-310, 0.995504, -12.0385, 28.9449, 609.824
1.329, 0.999331, 6.93202e-310, 0.995552, -11.4222, 29.4325, 611.179
1.33, 0.999325, 6.93202e-310, 0.9956, -9.94016, 29.9089, 610.862
1.331, 0.999318, 6.93202e-310, 0.995649, -10.9939, 29.5103, 610.571
1.332, 0.999311, 6.93202e-310, 0.995698, -9.47518, 29.0934, 610.312
1.333, 0.999304, 6.93202e-310, 0.995747, -9.64123, 29.502, 610.079
1.334, 0.999297, 6.93202e-310, 0.995796, -8.93439, 29.045, 611.576
1.335, 0.99929, 6.93202e-310, 0.995846, -8.20529, 29.4127, 610.549
1.336, 0.999283, 6.93202e-310, 0.995895, -8.31467, 29.7687, 610.398
1.337, 0.999276, 6.93202e-310, 0.995945, -7.5381, 29.2491, 611.127
1.338, 0.99927, 6.93202e-310, 0.995994, -6.75216, 29.5656, 610.178
1.339, 0.999263, 6.93202e-310, 0.996044, -7.6382, 29.0093, 611.807
1.34, 0.999256, 6.93202e-310, 0.996094, -5.948, 29.2951, 611.76
1.341, 0.999249, 6.93202e-310, 0.996144, -5.09357, 30.4039, 611.735
1.342, 0.999242, 6.93202e-310, 0.996193, -5.91199, 28.9554, 611.735
1.343, 0.999235, 6.93202e-310, 0.996243, -5.00421, 29.1832, 611.757
1.344, 0.999228, 6.93202e-310, 0.996293, -4.92607, 29.3999, 613.499
1.345, 0.999222, 6.93202e-310, 0.996343, -3.12636, 29.6051, 611.864
1.346, 0.999215, 6.93202e-310, 0.996393, -3.85161, 29.7886, 614.499
1.347, 0.999209, 6.93202e-310, 0.996442, -2.8551, 29.1201, 612.901
1.348, 0.999202, 6.93202e-310, 0.996492, -3.53384, 29.2833, 614.725
1.349, 0.999196, 6.93202e-310, 0.996541, -1.63838, 29.4334, 614.865
1.35, 0.99919, 6.93202e-310, 0.996591, -1.42815, 29.5759, 615.873
